▲ Next.js 16.2.9 (Turbopack)
- Local:         http://localhost:3010
- Network:       http://192.168.8.176:3010
- Environments: .env
✓ Ready in 977ms

 GET /en 200 in 1165ms (next.js: 722ms, proxy.ts: 64ms, application-code: 378ms)
 GET /api/realtime 200 in 2.9s (next.js: 190ms, application-code: 2.7s)
 GET /manifest.webmanifest 200 in 60ms (next.js: 52ms, application-code: 8ms)
 GET /icon?56e3a09cef2a0cb7 200 in 479ms (proxy.ts: 8ms)
 GET /icon 200 in 478ms (proxy.ts: 7ms)
 GET /manifest.json 200 in 237ms (next.js: 31ms, application-code: 206ms)
 GET /en/login 404 in 268ms (next.js: 177ms, proxy.ts: 18ms, application-code: 73ms)
 GET /api/realtime 200 in 98s (next.js: 106ms, application-code: 98s)
 GET /en 200 in 1314ms (next.js: 32ms, proxy.ts: 14ms, application-code: 1268ms)
 GET /manifest.webmanifest 200 in 56ms (next.js: 30ms, application-code: 26ms)
 GET /icon 200 in 289ms (proxy.ts: 58ms)
 GET /manifest.json 200 in 5.2s (next.js: 673ms, application-code: 4.6s)
 GET /en/login 404 in 5.6s (next.js: 3.2s, proxy.ts: 160ms, application-code: 2.2s)
 GET /en/dashboard 200 in 3.3s (next.js: 3.3s, proxy.ts: 6ms, application-code: 34ms)
[browser] Detected `scroll-behavior: smooth` on the `<html>` element. To disable smooth scrolling during route transitions, add `data-scroll-behavior="smooth"` to your <html> element. Learn more: https://nextjs.org/docs/messages/missing-data-scroll-behavior
 GET /manifest.webmanifest 200 in 17ms (next.js: 5ms, application-code: 12ms)
 GET /icon 200 in 21ms (proxy.ts: 8ms)
 GET /api/dashboard 200 in 757ms (next.js: 260ms, application-code: 497ms)
 GET /api/dashboard 200 in 396ms (next.js: 3ms, application-code: 393ms)
 GET /api/dashboard 200 in 449ms (next.js: 3ms, application-code: 445ms)
 GET /api/dashboard 200 in 378ms (next.js: 6ms, application-code: 372ms)
 GET /api/dashboard 200 in 439ms (next.js: 16ms, application-code: 423ms)
 GET /api/dashboard 200 in 429ms (next.js: 5ms, application-code: 423ms)
 GET /api/dashboard 200 in 448ms (next.js: 5ms, application-code: 443ms)
 GET /api/dashboard 200 in 466ms (next.js: 3ms, application-code: 463ms)
 GET /api/dashboard 200 in 367ms (next.js: 4ms, application-code: 364ms)
 GET /api/dashboard 200 in 517ms (next.js: 5ms, application-code: 511ms)
 GET /en 200 in 590ms (next.js: 54ms, proxy.ts: 59ms, application-code: 477ms)
 GET /icon?56e3a09cef2a0cb7 200 in 41ms (proxy.ts: 12ms)
 GET /manifest.json 200 in 425ms (next.js: 26ms, application-code: 399ms)
 GET /en/login 404 in 473ms (next.js: 286ms, proxy.ts: 35ms, application-code: 153ms)
 GET /api/dashboard 200 in 230ms (next.js: 9ms, application-code: 221ms)
 GET /api/dashboard 200 in 298ms (next.js: 7ms, application-code: 291ms)
 GET /api/dashboard 200 in 487ms (next.js: 13ms, application-code: 474ms)
 GET /en/changelog 200 in 2.8s (next.js: 2.7s, proxy.ts: 33ms, application-code: 77ms)
[browser] Detected `scroll-behavior: smooth` on the `<html>` element. To disable smooth scrolling during route transitions, add `data-scroll-behavior="smooth"` to your <html> element. Learn more: https://nextjs.org/docs/messages/missing-data-scroll-behavior
 GET /api/dashboard 200 in 511ms (next.js: 18ms, application-code: 493ms)
 GET /api/dashboard 200 in 403ms (next.js: 8ms, application-code: 395ms)
 GET /api/dashboard 200 in 447ms (next.js: 26ms, application-code: 421ms)
 GET /api/dashboard 200 in 350ms (next.js: 7ms, application-code: 343ms)
 GET /api/dashboard 200 in 324ms (next.js: 17ms, application-code: 307ms)
 GET /api/dashboard 200 in 284ms (next.js: 7ms, application-code: 277ms)
 GET /api/dashboard 200 in 337ms (next.js: 4ms, application-code: 334ms)
 GET /api/dashboard 200 in 330ms (next.js: 6ms, application-code: 324ms)
 GET /api/dashboard 200 in 873ms (next.js: 11ms, application-code: 862ms)
 GET /api/dashboard 200 in 445ms (next.js: 7ms, application-code: 438ms)
 GET /api/dashboard 200 in 341ms (next.js: 9ms, application-code: 332ms)
 GET /api/dashboard 200 in 274ms (next.js: 4ms, application-code: 270ms)
 GET /api/dashboard 200 in 285ms (next.js: 5ms, application-code: 279ms)
 GET /api/dashboard 200 in 459ms (next.js: 7ms, application-code: 452ms)
 GET /api/dashboard 200 in 330ms (next.js: 5ms, application-code: 325ms)
 GET /api/dashboard 200 in 280ms (next.js: 4ms, application-code: 276ms)
 GET /api/dashboard 200 in 447ms (next.js: 6ms, application-code: 441ms)
 GET /api/dashboard 200 in 271ms (next.js: 4ms, application-code: 267ms)
 GET /api/dashboard 200 in 775ms (next.js: 4ms, application-code: 771ms)
 GET /api/dashboard 200 in 719ms (next.js: 82ms, application-code: 636ms)
 GET /en/dashboard 200 in 189ms (next.js: 39ms, proxy.ts: 11ms, application-code: 139ms)
 GET /api/dashboard 200 in 282ms (next.js: 12ms, application-code: 270ms)
 GET /api/dashboard 200 in 263ms (next.js: 11ms, application-code: 252ms)
 GET /api/dashboard 200 in 477ms (next.js: 7ms, application-code: 470ms)
 GET /api/dashboard 200 in 386ms (next.js: 8ms, application-code: 379ms)
 GET /api/dashboard 200 in 1022ms (next.js: 8ms, application-code: 1014ms)
 GET /api/dashboard 200 in 404ms (next.js: 16ms, application-code: 388ms)
 GET /api/dashboard 200 in 448ms (next.js: 9ms, application-code: 440ms)
 GET /api/dashboard 200 in 279ms (next.js: 6ms, application-code: 273ms)
 GET /api/realtime 200 in 2.4min (next.js: 9ms, application-code: 2.4min)
 GET /id/dashboard 200 in 749ms (next.js: 32ms, proxy.ts: 14ms, application-code: 703ms)
 GET /api/dashboard 200 in 572ms (next.js: 9ms, application-code: 563ms)
 GET /manifest.json 200 in 500ms (next.js: 25ms, application-code: 474ms)
 GET /en/login 404 in 564ms (next.js: 380ms, proxy.ts: 47ms, application-code: 138ms)
 GET /api/dashboard 200 in 344ms (next.js: 17ms, application-code: 327ms)
 GET /api/dashboard 200 in 392ms (next.js: 9ms, application-code: 383ms)
 GET /api/dashboard 200 in 450ms (next.js: 8ms, application-code: 443ms)
 GET /id/analytics 200 in 3.0s (next.js: 3.0s, proxy.ts: 14ms, application-code: 81ms)
[browser] Detected `scroll-behavior: smooth` on the `<html>` element. To disable smooth scrolling during route transitions, add `data-scroll-behavior="smooth"` to your <html> element. Learn more: https://nextjs.org/docs/messages/missing-data-scroll-behavior
 GET /api/dashboard 200 in 425ms (next.js: 12ms, application-code: 413ms)
 GET /api/dashboard 200 in 293ms (next.js: 10ms, application-code: 282ms)
 GET /api/dashboard 200 in 379ms (next.js: 37ms, application-code: 342ms)
 GET /api/dashboard 200 in 517ms (next.js: 15ms, application-code: 502ms)
 GET /api/dashboard 200 in 376ms (next.js: 8ms, application-code: 368ms)
 GET /api/dashboard 200 in 426ms (next.js: 12ms, application-code: 415ms)
 GET /api/dashboard 200 in 239ms (next.js: 12ms, application-code: 228ms)
 GET /api/dashboard 200 in 288ms (next.js: 8ms, application-code: 280ms)
 GET /id/roles 200 in 2.2s (next.js: 2.1s, proxy.ts: 16ms, application-code: 83ms)
 GET /icon?56e3a09cef2a0cb7 200 in 109ms (proxy.ts: 18ms)
 GET /api/roles 200 in 807ms (next.js: 397ms, application-code: 410ms)
 GET /api/roles 200 in 187ms (next.js: 6ms, application-code: 181ms)
 GET /api/dashboard 200 in 3.5s (next.js: 11ms, application-code: 3.5s)
 GET /api/dashboard 200 in 889ms (next.js: 71ms, application-code: 819ms)
 GET /id/team 200 in 2.6s (next.js: 2.3s, proxy.ts: 16ms, application-code: 260ms)
 GET /api/realtime 200 in 46s (next.js: 15ms, application-code: 46s)
 GET /en/login 404 in 616ms (next.js: 431ms, proxy.ts: 18ms, application-code: 167ms)
 GET /manifest.json 200 in 590ms (next.js: 26ms, application-code: 564ms)
 GET /api/team 200 in 1062ms (next.js: 440ms, application-code: 622ms)
 GET /api/team 200 in 125ms (next.js: 9ms, application-code: 116ms)
 GET /api/team 200 in 110ms (next.js: 11ms, application-code: 98ms)
[browser] In HTML, whitespace text nodes cannot be a child of <tr>. Make sure you don't have any extra whitespace between tags on each line of your source code.
This will cause a hydration error.

  ...
    <ClientPageRoot Component={function TeamPage} serverProvidedParams={{...}}>
      <TeamPage params={Promise} searchParams={Promise}>
        <div className="space-y-6">
          <div>
          <_c>
            <div ref={null} className="rounded-xl...">
              <_c2>
              <_c8 className="p-0 sm:p-6">
                <div ref={null} className="p-0 sm:p-6">
                  <div className="overflow-x...">
                    <_c>
                      <div className="relative w...">
                        <table ref={null} className="w-full cap...">
                          <_c2>
                          <_c4>
                            <tbody ref={null} className={"[&_tr:la..."}>
                              <_c6>
>                               <tr
>                                 ref={null}
>                                 className="border-b border-gray-200 dark:border-gray-700 transition-colors hover:bg-..."
>                               >
                                  <_c10>
                                  <_c10>
                                  <_c10>
                                  <_c10>
                                  <_c10>
>                                 {"                    "}
                                  ...
                              ...
 
 GET /api/dashboard 200 in 552ms (next.js: 9ms, application-code: 543ms)
 GET /api/dashboard 200 in 373ms (next.js: 14ms, application-code: 359ms)
 GET /api/dashboard 200 in 361ms (next.js: 11ms, application-code: 350ms)
 GET /api/dashboard 200 in 521ms (next.js: 88ms, application-code: 433ms)
 GET /api/dashboard 200 in 400ms (next.js: 13ms, application-code: 387ms)
 GET /api/dashboard 200 in 266ms (next.js: 11ms, application-code: 256ms)
✓ Compiled in 1798ms
⚠ Fast Refresh had to perform a full reload due to a runtime error.
⚠ Fast Refresh had to perform a full reload due to a runtime error.
⨯ ReferenceError: LanguageToggle is not defined
    at Header (src\components\layout\header.tsx:222:12)
  220 |
  221 |           {/* Language Toggle */}
> 222 |           <LanguageToggle locale={pathname.split('/')[1] || 'en'} pathname={pathname} />
      |            ^
  223 |
  224 |           {/* Notifications */}
  225 |           <NotificationPanel /> {
  digest: '2772865136'
}
⨯ ReferenceError: LanguageToggle is not defined
    at Header (src\components\layout\header.tsx:222:12)
  220 |
  221 |           {/* Language Toggle */}
> 222 |           <LanguageToggle locale={pathname.split('/')[1] || 'en'} pathname={pathname} />
      |            ^
  223 |
  224 |           {/* Notifications */}
  225 |           <NotificationPanel /> {
  digest: '2772865136'
}
 GET /id/team 200 in 2.8s (next.js: 393ms, proxy.ts: 224ms, application-code: 2.2s)
 GET /api/realtime 200 in 43s (next.js: 8ms, application-code: 43s)
 GET /en/dashboard 200 in 2.9s (next.js: 753ms, proxy.ts: 234ms, application-code: 1880ms)
 GET /id/team 500 in 2.7s (next.js: 856ms, proxy.ts: 53ms, application-code: 1795ms)
 GET /en/dashboard 500 in 2.7s (next.js: 1260ms, proxy.ts: 465ms, application-code: 974ms)
[browser] Encountered a script tag while rendering React component. Scripts inside React components are never executed when rendering on the client. Consider using template tag instead (https://developer.mozilla.org/en-US/docs/Web/HTML/Element/template). 
 GET /api/realtime 200 in 4.9min (next.js: 113ms, application-code: 4.9min)
 GET /api/dashboard 200 in 448ms (next.js: 147ms, application-code: 301ms)
[browser] Uncaught ReferenceError: LanguageToggle is not defined
    at Header (src/components/layout/header.tsx:222:12)
    at DashboardLayout (src/app/[locale]/(dashboard)/layout.tsx:77:9)
  220 |
  221 |           {/* Language Toggle */}
> 222 |           <LanguageToggle locale={pathname.split('/')[1] || 'en'} pathname={pathname} />
      |            ^
  223 |
  224 |           {/* Notifications */}
  225 |           <NotificationPanel />
 GET /manifest.webmanifest 200 in 124ms (next.js: 101ms, application-code: 23ms)
[browser] Encountered a script tag while rendering React component. Scripts inside React components are never executed when rendering on the client. Consider using template tag instead (https://developer.mozilla.org/en-US/docs/Web/HTML/Element/template). 
[browser] Uncaught ReferenceError: LanguageToggle is not defined
    at Header (src/components/layout/header.tsx:222:12)
    at DashboardLayout (src/app/[locale]/(dashboard)/layout.tsx:77:9)
  220 |
  221 |           {/* Language Toggle */}
> 222 |           <LanguageToggle locale={pathname.split('/')[1] || 'en'} pathname={pathname} />
      |            ^
  223 |
  224 |           {/* Notifications */}
  225 |           <NotificationPanel />
✓ Compiled in 1109ms
⚠ Fast Refresh had to perform a full reload due to a runtime error.
⚠ Fast Refresh had to perform a full reload due to a runtime error.
⚠ Fast Refresh had to perform a full reload due to a runtime error.
⚠ Fast Refresh had to perform a full reload due to a runtime error.
 GET /manifest.webmanifest 200 in 3.0s (next.js: 1685ms, application-code: 1317ms)
 GET /en/dashboard 200 in 10.7s (next.js: 521ms, proxy.ts: 349ms, application-code: 9.9s)
 GET /id/team 200 in 11.2s (next.js: 5.1s, proxy.ts: 363ms, application-code: 5.7s)
 GET /api/team 200 in 654ms (next.js: 240ms, application-code: 413ms)
 GET /en/login 404 in 1329ms (next.js: 789ms, proxy.ts: 240ms, application-code: 301ms)
 GET /manifest.json 200 in 823ms (next.js: 102ms, application-code: 721ms)
 GET /icon?56e3a09cef2a0cb7 200 in 2.1s (proxy.ts: 594ms)
 GET /icon?56e3a09cef2a0cb7 200 in 938ms (proxy.ts: 508ms)
 GET /icon 200 in 936ms (proxy.ts: 507ms)
 GET /manifest.json 200 in 187ms (next.js: 9ms, application-code: 178ms)
 GET /en/login 404 in 211ms (next.js: 131ms, proxy.ts: 14ms, application-code: 66ms)
 GET /api/team 200 in 3.1s (next.js: 25ms, application-code: 3.0s)
[browser] In HTML, whitespace text nodes cannot be a child of <tr>. Make sure you don't have any extra whitespace between tags on each line of your source code.
This will cause a hydration error.

  ...
    <ClientPageRoot Component={function TeamPage} serverProvidedParams={{...}}>
      <TeamPage params={Promise} searchParams={Promise}>
        <div className="space-y-6">
          <div>
          <_c>
            <div ref={null} className="rounded-xl...">
              <_c2>
              <_c8 className="p-0 sm:p-6">
                <div ref={null} className="p-0 sm:p-6">
                  <div className="overflow-x...">
                    <_c>
                      <div className="relative w...">
                        <table ref={null} className="w-full cap...">
                          <_c2>
                          <_c4>
                            <tbody ref={null} className={"[&_tr:la..."}>
                              <_c6>
>                               <tr
>                                 ref={null}
>                                 className="border-b border-gray-200 dark:border-gray-700 transition-colors hover:bg-..."
>                               >
                                  <_c10>
                                  <_c10>
                                  <_c10>
                                  <_c10>
                                  <_c10>
>                                 {"                    "}
                                  ...
                              ...
 
 GET /api/team 200 in 165ms (next.js: 13ms, application-code: 152ms)
 GET /api/dashboard 200 in 4.0s (next.js: 307ms, application-code: 3.7s)
 GET /api/dashboard 200 in 477ms (next.js: 3ms, application-code: 474ms)
 GET /api/dashboard 200 in 777ms (next.js: 3ms, application-code: 773ms)
 GET /api/dashboard 200 in 386ms (next.js: 4ms, application-code: 382ms)
 GET /api/dashboard 200 in 4.1s (next.js: 7ms, application-code: 4.0s)
 GET /api/dashboard 200 in 496ms (next.js: 5ms, application-code: 491ms)
 GET /api/dashboard 200 in 342ms (next.js: 7ms, application-code: 335ms)
 GET /api/dashboard 200 in 247ms (next.js: 3ms, application-code: 245ms)
 GET /api/dashboard 200 in 462ms (next.js: 7ms, application-code: 456ms)
 GET /api/dashboard 200 in 2.9s (next.js: 4ms, application-code: 2.9s)
 GET /api/dashboard 200 in 389ms (next.js: 5ms, application-code: 384ms)
 GET /api/dashboard 200 in 264ms (next.js: 5ms, application-code: 259ms)
Dashboard API error: Error [PrismaClientKnownRequestError]: 
Invalid `__TURBOPACK__imported__module__$5b$project$5d2f$src$2f$lib$2f$db$2e$ts__$5b$app$2d$route$5d$__$28$ecmascript$29$__["prisma"].order.aggregate()` invocation in
D:\Project\next-dashboard\.next\dev\server\chunks\[root-of-the-server]__194kmg-._.js:153:164

  150         revenue: monthlyMap[month]
  151     }));
  152 const channelSales = await Promise.all(salesChannels.map(async (channel)=>{
→ 153     const total = await __TURBOPACK__imported__module__$5b$project$5d2f$src$2f$lib$2f$db$2e$ts__$5b$app$2d$route$5d$__$28$ecmascript$29$__["prisma"].order.aggregate(
Can't reach database server at `ep-broad-hall-aob07iox-pooler.c-2.ap-southeast-1.aws.neon.tech:5432`

Please make sure your database server is running at `ep-broad-hall-aob07iox-pooler.c-2.ap-southeast-1.aws.neon.tech:5432`.
    at <unknown> (src\app\api\dashboard\route.ts:61:42)
    at async (src\app\api\dashboard\route.ts:61:23)
    at async GET (src\app\api\dashboard\route.ts:59:26)
  59 |     const channelSales = await Promise.all(
  60 |       salesChannels.map(async (channel) => {
> 61 |         const total = await prisma.order.aggregate({
     |                                          ^
  62 |           where: { channelId: channel.id },
  63 |           _sum: { grandTotal: true },
  64 |         }); {
  code: 'P1001',
  meta: {
    modelName: 'Order',
    database_location: 'ep-broad-hall-aob07iox-pooler.c-2.ap-southeast-1.aws.neon.tech:5432'
  },
  clientVersion: '6.19.3'
}
 GET /api/dashboard 200 in 9.3s (next.js: 4ms, application-code: 9.3s)
 GET /api/dashboard 200 in 2.9s (next.js: 5ms, application-code: 2.9s)
 GET /api/dashboard 200 in 2.3s (next.js: 4ms, application-code: 2.3s)
 GET /api/dashboard 200 in 1298ms (next.js: 5ms, application-code: 1293ms)
 GET /api/dashboard 200 in 1121ms (next.js: 7ms, application-code: 1113ms)
 GET /api/dashboard 200 in 1766ms (next.js: 4ms, application-code: 1762ms)
 GET /api/dashboard 200 in 231ms (next.js: 4ms, application-code: 227ms)
 GET /en/dashboard 200 in 153ms (next.js: 19ms, proxy.ts: 6ms, application-code: 129ms)
 GET /api/realtime 200 in 101s (next.js: 25ms, application-code: 101s)
 GET /manifest.webmanifest 200 in 19ms (next.js: 7ms, application-code: 12ms)
 GET /icon 200 in 50ms (proxy.ts: 19ms)
 GET /api/dashboard 200 in 322ms (next.js: 5ms, application-code: 318ms)
 GET /manifest.json 200 in 305ms (next.js: 18ms, application-code: 287ms)
 GET /en/login 404 in 320ms (next.js: 234ms, proxy.ts: 9ms, application-code: 77ms)
 GET /api/dashboard 200 in 370ms (next.js: 16ms, application-code: 354ms)
 GET /api/dashboard 200 in 414ms (next.js: 3ms, application-code: 411ms)
 GET /api/dashboard 200 in 282ms (next.js: 3ms, application-code: 279ms)
 GET /id/dashboard 200 in 116ms (next.js: 31ms, proxy.ts: 14ms, application-code: 71ms)
[browser] Detected `scroll-behavior: smooth` on the `<html>` element. To disable smooth scrolling during route transitions, add `data-scroll-behavior="smooth"` to your <html> element. Learn more: https://nextjs.org/docs/messages/missing-data-scroll-behavior
 GET /api/dashboard 200 in 540ms (next.js: 4ms, application-code: 535ms)
 GET /api/dashboard 200 in 1661ms (next.js: 5ms, application-code: 1655ms)
 GET /api/dashboard 200 in 408ms (next.js: 9ms, application-code: 400ms)
 GET /manifest.webmanifest 200 in 21ms (next.js: 5ms, application-code: 16ms)
 GET /api/dashboard 200 in 266ms (next.js: 11ms, application-code: 255ms)
 GET /icon 200 in 67ms (proxy.ts: 12ms)
 GET /api/dashboard 200 in 428ms (next.js: 7ms, application-code: 420ms)
 GET /en/dashboard 200 in 143ms (next.js: 49ms, proxy.ts: 15ms, application-code: 79ms)
 GET /api/dashboard 200 in 395ms (next.js: 10ms, application-code: 385ms)
 GET /api/dashboard 200 in 242ms (next.js: 7ms, application-code: 235ms)
 GET /api/dashboard 200 in 244ms (next.js: 7ms, application-code: 237ms)
 GET /manifest.webmanifest 200 in 16ms (next.js: 6ms, application-code: 10ms)
 GET /icon 200 in 42ms (proxy.ts: 14ms)
 GET /api/dashboard 200 in 229ms (next.js: 8ms, application-code: 221ms)
 GET /api/dashboard 200 in 246ms (next.js: 8ms, application-code: 238ms)
 GET /api/dashboard 200 in 519ms (next.js: 26ms, application-code: 493ms)
 GET /api/dashboard 200 in 932ms (next.js: 82ms, application-code: 850ms)
 GET /api/dashboard 200 in 396ms (next.js: 10ms, application-code: 386ms)
 GET /api/dashboard 200 in 397ms (next.js: 18ms, application-code: 378ms)
 GET /api/dashboard 200 in 781ms (next.js: 14ms, application-code: 767ms)
 GET /api/dashboard 200 in 336ms (next.js: 12ms, application-code: 325ms)
 GET /api/dashboard 200 in 379ms (next.js: 66ms, application-code: 313ms)
 GET /api/dashboard 200 in 279ms (next.js: 11ms, application-code: 268ms)
 GET /api/dashboard 200 in 415ms (next.js: 41ms, application-code: 374ms)
 GET /api/dashboard 200 in 305ms (next.js: 16ms, application-code: 289ms)
 GET /api/dashboard 200 in 455ms (next.js: 66ms, application-code: 388ms)
 GET /api/dashboard 200 in 397ms (next.js: 15ms, application-code: 382ms)
 GET /api/dashboard 200 in 334ms (next.js: 10ms, application-code: 324ms)
 GET /api/dashboard 200 in 383ms (next.js: 11ms, application-code: 372ms)
 GET /api/dashboard 200 in 412ms (next.js: 8ms, application-code: 405ms)
 GET /api/dashboard 200 in 402ms (next.js: 9ms, application-code: 393ms)
 GET /api/dashboard 200 in 648ms (next.js: 35ms, application-code: 614ms)
 GET /api/dashboard 200 in 581ms (next.js: 133ms, application-code: 448ms)
 GET /api/dashboard 200 in 362ms (next.js: 15ms, application-code: 348ms)
 GET /api/dashboard 200 in 319ms (next.js: 20ms, application-code: 299ms)
 GET /api/dashboard 200 in 406ms (next.js: 17ms, application-code: 389ms)
 GET /api/dashboard 200 in 455ms (next.js: 34ms, application-code: 421ms)
 GET /api/dashboard 200 in 438ms (next.js: 9ms, application-code: 429ms)
 GET /api/dashboard 200 in 416ms (next.js: 22ms, application-code: 394ms)
 GET /api/dashboard 200 in 348ms (next.js: 6ms, application-code: 341ms)
 GET /api/dashboard 200 in 574ms (next.js: 15ms, application-code: 559ms)
 GET /api/dashboard 200 in 461ms (next.js: 14ms, application-code: 447ms)
 GET /api/dashboard 200 in 285ms (next.js: 13ms, application-code: 273ms)
 GET /api/dashboard 200 in 279ms (next.js: 14ms, application-code: 265ms)
 GET /api/dashboard 200 in 300ms (next.js: 25ms, application-code: 274ms)
Dashboard API error: Error [PrismaClientKnownRequestError]: 
Invalid `__TURBOPACK__imported__module__$5b$project$5d2f$src$2f$lib$2f$db$2e$ts__$5b$app$2d$route$5d$__$28$ecmascript$29$__["prisma"].salesChannel.findMany()` invocation in
D:\Project\next-dashboard\.next\dev\server\chunks\[root-of-the-server]__194kmg-._.js:104:151

  101         }
  102     }
  103 }),
→ 104 __TURBOPACK__imported__module__$5b$project$5d2f$src$2f$lib$2f$db$2e$ts__$5b$app$2d$route$5d$__$28$ecmascript$29$__["prisma"].salesChannel.findMany(
Can't reach database server at `ep-broad-hall-aob07iox-pooler.c-2.ap-southeast-1.aws.neon.tech:5432`

Please make sure your database server is running at `ep-broad-hall-aob07iox-pooler.c-2.ap-southeast-1.aws.neon.tech:5432`.
    at <unknown> (src\app\api\dashboard\route.ts:33:27)
    at async GET (src\app\api\dashboard\route.ts:18:9)
  31 |         include: { _count: { select: { orderItems: true } } },
  32 |       }),
> 33 |       prisma.salesChannel.findMany({
     |                           ^
  34 |         include: { _count: { select: { orders: true } } },
  35 |       }),
  36 |       prisma.order.findMany({ {
  code: 'P1001',
  meta: {
    modelName: 'SalesChannel',
    database_location: 'ep-broad-hall-aob07iox-pooler.c-2.ap-southeast-1.aws.neon.tech:5432'
  },
  clientVersion: '6.19.3'
}
 GET /api/dashboard 200 in 5.5s (next.js: 30ms, application-code: 5.5s)
Dashboard API error: Error [PrismaClientKnownRequestError]: 
Invalid `__TURBOPACK__imported__module__$5b$project$5d2f$src$2f$lib$2f$db$2e$ts__$5b$app$2d$route$5d$__$28$ecmascript$29$__["prisma"].order.aggregate()` invocation in
D:\Project\next-dashboard\.next\dev\server\chunks\[root-of-the-server]__194kmg-._.js:67:144

  64 const oneYearAgo = new Date();
  65 oneYearAgo.setFullYear(oneYearAgo.getFullYear() - 1);
  66 const [totalRevenue, totalOrders, totalCustomers, totalProducts, recentOrders, topProducts, salesChannels, ordersLastYear] = await Promise.all([
→ 67     __TURBOPACK__imported__module__$5b$project$5d2f$src$2f$lib$2f$db$2e$ts__$5b$app$2d$route$5d$__$28$ecmascript$29$__["prisma"].order.aggregate(
Can't reach database server at `ep-broad-hall-aob07iox-pooler.c-2.ap-southeast-1.aws.neon.tech:5432`

Please make sure your database server is running at `ep-broad-hall-aob07iox-pooler.c-2.ap-southeast-1.aws.neon.tech:5432`.
    at <unknown> (src\app\api\dashboard\route.ts:19:20)
    at async GET (src\app\api\dashboard\route.ts:18:9)
  17 |       ordersLastYear,
  18 |     ] = await Promise.all([
> 19 |       prisma.order.aggregate({ _sum: { grandTotal: true } }),
     |                    ^
  20 |       prisma.order.count(),
  21 |       prisma.customer.count(),
  22 |       prisma.product.count({ where: { isActive: true } }), {
  code: 'P1001',
  meta: {
    modelName: 'Order',
    database_location: 'ep-broad-hall-aob07iox-pooler.c-2.ap-southeast-1.aws.neon.tech:5432'
  },
  clientVersion: '6.19.3'
}
 GET /api/dashboard 200 in 5.6s (next.js: 15ms, application-code: 5.6s)
 GET /api/dashboard 200 in 3.0s (next.js: 7ms, application-code: 3.0s)
 GET /api/dashboard 200 in 501ms (next.js: 39ms, application-code: 462ms)
 GET /api/dashboard 200 in 432ms (next.js: 7ms, application-code: 426ms)
 GET /api/dashboard 200 in 863ms (next.js: 9ms, application-code: 855ms)
 GET /api/dashboard 200 in 577ms (next.js: 37ms, application-code: 539ms)
 GET /api/dashboard 200 in 1121ms (next.js: 17ms, application-code: 1104ms)
 GET /api/dashboard 200 in 375ms (next.js: 7ms, application-code: 368ms)
 GET /api/dashboard 200 in 359ms (next.js: 4ms, application-code: 355ms)
 GET /api/dashboard 200 in 316ms (next.js: 5ms, application-code: 311ms)
 GET /api/dashboard 200 in 397ms (next.js: 15ms, application-code: 382ms)
 GET /api/dashboard 200 in 448ms (next.js: 13ms, application-code: 435ms)
 GET /api/dashboard 200 in 276ms (next.js: 19ms, application-code: 256ms)
 GET /api/dashboard 200 in 258ms (next.js: 7ms, application-code: 250ms)
 GET /api/dashboard 200 in 285ms (next.js: 15ms, application-code: 270ms)
 GET /api/dashboard 200 in 613ms (next.js: 69ms, application-code: 544ms)
 GET /api/dashboard 200 in 435ms (next.js: 16ms, application-code: 419ms)
✓ Compiled in 978ms
 GET /id/team 200 in 1100ms (next.js: 408ms, proxy.ts: 214ms, application-code: 478ms)
 GET /en/dashboard 200 in 1093ms (next.js: 740ms, proxy.ts: 226ms, application-code: 127ms)
 GET /manifest.webmanifest 200 in 274ms (next.js: 254ms, application-code: 20ms)
 GET /icon?56e3a09cef2a0cb7 200 in 1122ms (proxy.ts: 32ms)
 GET /icon 200 in 84ms (proxy.ts: 54ms)
 GET /icon?56e3a09cef2a0cb7 200 in 58ms (proxy.ts: 13ms)
 GET /api/dashboard 200 in 577ms (next.js: 129ms, application-code: 449ms)
 GET /api/dashboard 200 in 627ms (next.js: 6ms, application-code: 621ms)
 GET /api/dashboard 200 in 311ms (next.js: 10ms, application-code: 301ms)
 GET /api/dashboard 200 in 483ms (next.js: 41ms, application-code: 443ms)
 GET /api/dashboard 200 in 330ms (next.js: 14ms, application-code: 316ms)
 GET /api/dashboard 200 in 318ms (next.js: 20ms, application-code: 298ms)
 GET /api/dashboard 200 in 411ms (next.js: 10ms, application-code: 401ms)
 GET /api/dashboard 200 in 395ms (next.js: 64ms, application-code: 330ms)
 GET /id/dashboard 200 in 130ms (next.js: 36ms, proxy.ts: 8ms, application-code: 85ms)
[browser] Detected `scroll-behavior: smooth` on the `<html>` element. To disable smooth scrolling during route transitions, add `data-scroll-behavior="smooth"` to your <html> element. Learn more: https://nextjs.org/docs/messages/missing-data-scroll-behavior
 GET /api/dashboard 200 in 1165ms (next.js: 12ms, application-code: 1153ms)
 GET /api/dashboard 200 in 402ms (next.js: 11ms, application-code: 391ms)
 GET /api/dashboard 200 in 405ms (next.js: 8ms, application-code: 397ms)
 GET /api/dashboard 200 in 478ms (next.js: 12ms, application-code: 466ms)
 GET /api/dashboard 200 in 407ms (next.js: 8ms, application-code: 400ms)
 GET /api/dashboard 200 in 473ms (next.js: 8ms, application-code: 465ms)
 GET /api/dashboard 200 in 436ms (next.js: 92ms, application-code: 344ms)
 GET /api/dashboard 200 in 320ms (next.js: 9ms, application-code: 311ms)
○ Compiling /[locale]/orders ...
 GET /api/dashboard 200 in 263ms (next.js: 6ms, application-code: 257ms)
 GET /id/orders 200 in 5.2s (next.js: 5.1s, proxy.ts: 11ms, application-code: 78ms)
 GET /api/orders 200 in 1406ms (next.js: 392ms, application-code: 1014ms)
[browser] Error: MISSING_MESSAGE: Could not resolve `orders.totalOrders` in messages for locale `id`.
    at OrdersPage (src/app/[locale]/(dashboard)/orders/page.tsx:193:20)
  191 |       <div className="grid grid-cols-1 sm:grid-cols-2 lg:grid-cols-4 gap-4">
  192 |         {[
> 193 |           { label: torders("totalOrders") || "Total Orders", end: orders?.length || 0, ic...
      |                    ^
  194 |           { label: torders("totalRevenue") || "Total Revenue", end: totalRevenue, icon: D...
  195 |           { label: torders("pending") || "Pending", end: pendingCount, icon: Clock, color...
  196 |           { label: torders("avgOrder") || "Avg Order", end: avgOrderValue, icon: BarChart... (src/app/[locale]/(dashboard)
[browser] Error: MISSING_MESSAGE: Could not resolve `orders.totalRevenue` in messages for locale `id`.
    at OrdersPage (src/app/[locale]/(dashboard)/orders/page.tsx:194:20)
  192 |         {[
  193 |           { label: torders("totalOrders") || "Total Orders", end: orders?.length || 0, ic...
> 194 |           { label: torders("totalRevenue") || "Total Revenue", end: totalRevenue, icon: D...
      |                    ^
  195 |           { label: torders("pending") || "Pending", end: pendingCount, icon: Clock, color...
  196 |           { label: torders("avgOrder") || "Avg Order", end: avgOrderValue, icon: BarChart...
  197 |         ].map((stat, i) => ( (src/app/[locale]/(dashboard)
 GET /api/dashboard 200 in 548ms (next.js: 10ms, application-code: 538ms)
[browser] Error: MISSING_MESSAGE: Could not resolve `orders.pending` in messages for locale `id`.
    at OrdersPage (src/app/[locale]/(dashboard)/orders/page.tsx:195:20)
  193 |           { label: torders("totalOrders") || "Total Orders", end: orders?.length || 0, ic...
  194 |           { label: torders("totalRevenue") || "Total Revenue", end: totalRevenue, icon: D...
> 195 |           { label: torders("pending") || "Pending", end: pendingCount, icon: Clock, color...
      |                    ^
  196 |           { label: torders("avgOrder") || "Avg Order", end: avgOrderValue, icon: BarChart...
  197 |         ].map((stat, i) => (
  198 |           <motion.div (src/app/[locale]/(dashboard)
[browser] Error: MISSING_MESSAGE: Could not resolve `orders.avgOrder` in messages for locale `id`.
    at OrdersPage (src/app/[locale]/(dashboard)/orders/page.tsx:196:20)
  194 |           { label: torders("totalRevenue") || "Total Revenue", end: totalRevenue, icon: D...
  195 |           { label: torders("pending") || "Pending", end: pendingCount, icon: Clock, color...
> 196 |           { label: torders("avgOrder") || "Avg Order", end: avgOrderValue, icon: BarChart...
      |                    ^
  197 |         ].map((stat, i) => (
  198 |           <motion.div
  199 |             key={stat.label} (src/app/[locale]/(dashboard)
 GET /api/orders 200 in 535ms (next.js: 9ms, application-code: 526ms)
[browser] Error: MISSING_MESSAGE: Could not resolve `orders.totalOrders` in messages for locale `id`.
    at OrdersPage (src/app/[locale]/(dashboard)/orders/page.tsx:193:20)
  191 |       <div className="grid grid-cols-1 sm:grid-cols-2 lg:grid-cols-4 gap-4">
  192 |         {[
> 193 |           { label: torders("totalOrders") || "Total Orders", end: orders?.length || 0, ic...
      |                    ^
  194 |           { label: torders("totalRevenue") || "Total Revenue", end: totalRevenue, icon: D...
  195 |           { label: torders("pending") || "Pending", end: pendingCount, icon: Clock, color...
  196 |           { label: torders("avgOrder") || "Avg Order", end: avgOrderValue, icon: BarChart... (src/app/[locale]/(dashboard)
[browser] Error: MISSING_MESSAGE: Could not resolve `orders.totalRevenue` in messages for locale `id`.
    at OrdersPage (src/app/[locale]/(dashboard)/orders/page.tsx:194:20)
  192 |         {[
  193 |           { label: torders("totalOrders") || "Total Orders", end: orders?.length || 0, ic...
> 194 |           { label: torders("totalRevenue") || "Total Revenue", end: totalRevenue, icon: D...
      |                    ^
  195 |           { label: torders("pending") || "Pending", end: pendingCount, icon: Clock, color...
  196 |           { label: torders("avgOrder") || "Avg Order", end: avgOrderValue, icon: BarChart...
  197 |         ].map((stat, i) => ( (src/app/[locale]/(dashboard)
[browser] Error: MISSING_MESSAGE: Could not resolve `orders.pending` in messages for locale `id`.
    at OrdersPage (src/app/[locale]/(dashboard)/orders/page.tsx:195:20)
  193 |           { label: torders("totalOrders") || "Total Orders", end: orders?.length || 0, ic...
  194 |           { label: torders("totalRevenue") || "Total Revenue", end: totalRevenue, icon: D...
> 195 |           { label: torders("pending") || "Pending", end: pendingCount, icon: Clock, color...
      |                    ^
  196 |           { label: torders("avgOrder") || "Avg Order", end: avgOrderValue, icon: BarChart...
  197 |         ].map((stat, i) => (
  198 |           <motion.div (src/app/[locale]/(dashboard)
[browser] Error: MISSING_MESSAGE: Could not resolve `orders.totalOrders` in messages for locale `id`.
    at OrdersPage (src/app/[locale]/(dashboard)/orders/page.tsx:193:20)
  191 |       <div className="grid grid-cols-1 sm:grid-cols-2 lg:grid-cols-4 gap-4">
  192 |         {[
> 193 |           { label: torders("totalOrders") || "Total Orders", end: orders?.length || 0, ic...
      |                    ^
  194 |           { label: torders("totalRevenue") || "Total Revenue", end: totalRevenue, icon: D...
  195 |           { label: torders("pending") || "Pending", end: pendingCount, icon: Clock, color...
  196 |           { label: torders("avgOrder") || "Avg Order", end: avgOrderValue, icon: BarChart... (src/app/[locale]/(dashboard)
[browser] Error: MISSING_MESSAGE: Could not resolve `orders.totalRevenue` in messages for locale `id`.
    at OrdersPage (src/app/[locale]/(dashboard)/orders/page.tsx:194:20)
  192 |         {[
  193 |           { label: torders("totalOrders") || "Total Orders", end: orders?.length || 0, ic...
> 194 |           { label: torders("totalRevenue") || "Total Revenue", end: totalRevenue, icon: D...
      |                    ^
  195 |           { label: torders("pending") || "Pending", end: pendingCount, icon: Clock, color...
  196 |           { label: torders("avgOrder") || "Avg Order", end: avgOrderValue, icon: BarChart...
  197 |         ].map((stat, i) => ( (src/app/[locale]/(dashboard)
[browser] Error: MISSING_MESSAGE: Could not resolve `orders.pending` in messages for locale `id`.
    at OrdersPage (src/app/[locale]/(dashboard)/orders/page.tsx:195:20)
  193 |           { label: torders("totalOrders") || "Total Orders", end: orders?.length || 0, ic...
  194 |           { label: torders("totalRevenue") || "Total Revenue", end: totalRevenue, icon: D...
> 195 |           { label: torders("pending") || "Pending", end: pendingCount, icon: Clock, color...
      |                    ^
  196 |           { label: torders("avgOrder") || "Avg Order", end: avgOrderValue, icon: BarChart...
  197 |         ].map((stat, i) => (
  198 |           <motion.div (src/app/[locale]/(dashboard)
[browser] Error: MISSING_MESSAGE: Could not resolve `orders.avgOrder` in messages for locale `id`.
    at OrdersPage (src/app/[locale]/(dashboard)/orders/page.tsx:196:20)
  194 |           { label: torders("totalRevenue") || "Total Revenue", end: totalRevenue, icon: D...
  195 |           { label: torders("pending") || "Pending", end: pendingCount, icon: Clock, color...
> 196 |           { label: torders("avgOrder") || "Avg Order", end: avgOrderValue, icon: BarChart...
      |                    ^
  197 |         ].map((stat, i) => (
  198 |           <motion.div
  199 |             key={stat.label} (src/app/[locale]/(dashboard)
[browser] Error: MISSING_MESSAGE: Could not resolve `orders.totalOrders` in messages for locale `id`.
    at OrdersPage (src/app/[locale]/(dashboard)/orders/page.tsx:193:20)
  191 |       <div className="grid grid-cols-1 sm:grid-cols-2 lg:grid-cols-4 gap-4">
  192 |         {[
> 193 |           { label: torders("totalOrders") || "Total Orders", end: orders?.length || 0, ic...
      |                    ^
  194 |           { label: torders("totalRevenue") || "Total Revenue", end: totalRevenue, icon: D...
  195 |           { label: torders("pending") || "Pending", end: pendingCount, icon: Clock, color...
  196 |           { label: torders("avgOrder") || "Avg Order", end: avgOrderValue, icon: BarChart... (src/app/[locale]/(dashboard)
[browser] Error: MISSING_MESSAGE: Could not resolve `orders.totalRevenue` in messages for locale `id`.
    at OrdersPage (src/app/[locale]/(dashboard)/orders/page.tsx:194:20)
  192 |         {[
  193 |           { label: torders("totalOrders") || "Total Orders", end: orders?.length || 0, ic...
> 194 |           { label: torders("totalRevenue") || "Total Revenue", end: totalRevenue, icon: D...
      |                    ^
  195 |           { label: torders("pending") || "Pending", end: pendingCount, icon: Clock, color...
  196 |           { label: torders("avgOrder") || "Avg Order", end: avgOrderValue, icon: BarChart...
  197 |         ].map((stat, i) => ( (src/app/[locale]/(dashboard)
[browser] Error: MISSING_MESSAGE: Could not resolve `orders.pending` in messages for locale `id`.
    at OrdersPage (src/app/[locale]/(dashboard)/orders/page.tsx:195:20)
  193 |           { label: torders("totalOrders") || "Total Orders", end: orders?.length || 0, ic...
  194 |           { label: torders("totalRevenue") || "Total Revenue", end: totalRevenue, icon: D...
> 195 |           { label: torders("pending") || "Pending", end: pendingCount, icon: Clock, color...
      |                    ^
  196 |           { label: torders("avgOrder") || "Avg Order", end: avgOrderValue, icon: BarChart...
  197 |         ].map((stat, i) => (
  198 |           <motion.div (src/app/[locale]/(dashboard)
[browser] Error: MISSING_MESSAGE: Could not resolve `orders.avgOrder` in messages for locale `id`.
    at OrdersPage (src/app/[locale]/(dashboard)/orders/page.tsx:196:20)
  194 |           { label: torders("totalRevenue") || "Total Revenue", end: totalRevenue, icon: D...
  195 |           { label: torders("pending") || "Pending", end: pendingCount, icon: Clock, color...
> 196 |           { label: torders("avgOrder") || "Avg Order", end: avgOrderValue, icon: BarChart...
      |                    ^
  197 |         ].map((stat, i) => (
  198 |           <motion.div
  199 |             key={stat.label} (src/app/[locale]/(dashboard)
[browser] Error: MISSING_MESSAGE: Could not resolve `orders.avgOrder` in messages for locale `id`.
    at OrdersPage (src/app/[locale]/(dashboard)/orders/page.tsx:196:20)
  194 |           { label: torders("totalRevenue") || "Total Revenue", end: totalRevenue, icon: D...
  195 |           { label: torders("pending") || "Pending", end: pendingCount, icon: Clock, color...
> 196 |           { label: torders("avgOrder") || "Avg Order", end: avgOrderValue, icon: BarChart...
      |                    ^
  197 |         ].map((stat, i) => (
  198 |           <motion.div
  199 |             key={stat.label} (src/app/[locale]/(dashboard)
 GET /api/dashboard 200 in 366ms (next.js: 7ms, application-code: 358ms)
 GET /api/orders 200 in 611ms (next.js: 16ms, application-code: 595ms)
[browser] Error: MISSING_MESSAGE: Could not resolve `orders.totalOrders` in messages for locale `id`.
    at OrdersPage (src/app/[locale]/(dashboard)/orders/page.tsx:193:20)
  191 |       <div className="grid grid-cols-1 sm:grid-cols-2 lg:grid-cols-4 gap-4">
  192 |         {[
> 193 |           { label: torders("totalOrders") || "Total Orders", end: orders?.length || 0, ic...
      |                    ^
  194 |           { label: torders("totalRevenue") || "Total Revenue", end: totalRevenue, icon: D...
  195 |           { label: torders("pending") || "Pending", end: pendingCount, icon: Clock, color...
  196 |           { label: torders("avgOrder") || "Avg Order", end: avgOrderValue, icon: BarChart... (src/app/[locale]/(dashboard)
[browser] Error: MISSING_MESSAGE: Could not resolve `orders.totalRevenue` in messages for locale `id`.
    at OrdersPage (src/app/[locale]/(dashboard)/orders/page.tsx:194:20)
  192 |         {[
  193 |           { label: torders("totalOrders") || "Total Orders", end: orders?.length || 0, ic...
> 194 |           { label: torders("totalRevenue") || "Total Revenue", end: totalRevenue, icon: D...
      |                    ^
  195 |           { label: torders("pending") || "Pending", end: pendingCount, icon: Clock, color...
  196 |           { label: torders("avgOrder") || "Avg Order", end: avgOrderValue, icon: BarChart...
  197 |         ].map((stat, i) => ( (src/app/[locale]/(dashboard)
[browser] Error: MISSING_MESSAGE: Could not resolve `orders.pending` in messages for locale `id`.
    at OrdersPage (src/app/[locale]/(dashboard)/orders/page.tsx:195:20)
  193 |           { label: torders("totalOrders") || "Total Orders", end: orders?.length || 0, ic...
  194 |           { label: torders("totalRevenue") || "Total Revenue", end: totalRevenue, icon: D...
> 195 |           { label: torders("pending") || "Pending", end: pendingCount, icon: Clock, color...
      |                    ^
  196 |           { label: torders("avgOrder") || "Avg Order", end: avgOrderValue, icon: BarChart...
  197 |         ].map((stat, i) => (
  198 |           <motion.div (src/app/[locale]/(dashboard)
[browser] Error: MISSING_MESSAGE: Could not resolve `orders.avgOrder` in messages for locale `id`.
    at OrdersPage (src/app/[locale]/(dashboard)/orders/page.tsx:196:20)
  194 |           { label: torders("totalRevenue") || "Total Revenue", end: totalRevenue, icon: D...
  195 |           { label: torders("pending") || "Pending", end: pendingCount, icon: Clock, color...
> 196 |           { label: torders("avgOrder") || "Avg Order", end: avgOrderValue, icon: BarChart...
      |                    ^
  197 |         ].map((stat, i) => (
  198 |           <motion.div
  199 |             key={stat.label} (src/app/[locale]/(dashboard)
[browser] Error: MISSING_MESSAGE: Could not resolve `orders.totalOrders` in messages for locale `id`.
    at OrdersPage (src/app/[locale]/(dashboard)/orders/page.tsx:193:20)
  191 |       <div className="grid grid-cols-1 sm:grid-cols-2 lg:grid-cols-4 gap-4">
  192 |         {[
> 193 |           { label: torders("totalOrders") || "Total Orders", end: orders?.length || 0, ic...
      |                    ^
  194 |           { label: torders("totalRevenue") || "Total Revenue", end: totalRevenue, icon: D...
  195 |           { label: torders("pending") || "Pending", end: pendingCount, icon: Clock, color...
  196 |           { label: torders("avgOrder") || "Avg Order", end: avgOrderValue, icon: BarChart... (src/app/[locale]/(dashboard)
[browser] Error: MISSING_MESSAGE: Could not resolve `orders.totalRevenue` in messages for locale `id`.
    at OrdersPage (src/app/[locale]/(dashboard)/orders/page.tsx:194:20)
  192 |         {[
  193 |           { label: torders("totalOrders") || "Total Orders", end: orders?.length || 0, ic...
> 194 |           { label: torders("totalRevenue") || "Total Revenue", end: totalRevenue, icon: D...
      |                    ^
  195 |           { label: torders("pending") || "Pending", end: pendingCount, icon: Clock, color...
  196 |           { label: torders("avgOrder") || "Avg Order", end: avgOrderValue, icon: BarChart...
  197 |         ].map((stat, i) => ( (src/app/[locale]/(dashboard)
[browser] Error: MISSING_MESSAGE: Could not resolve `orders.pending` in messages for locale `id`.
    at OrdersPage (src/app/[locale]/(dashboard)/orders/page.tsx:195:20)
  193 |           { label: torders("totalOrders") || "Total Orders", end: orders?.length || 0, ic...
  194 |           { label: torders("totalRevenue") || "Total Revenue", end: totalRevenue, icon: D...
> 195 |           { label: torders("pending") || "Pending", end: pendingCount, icon: Clock, color...
      |                    ^
  196 |           { label: torders("avgOrder") || "Avg Order", end: avgOrderValue, icon: BarChart...
  197 |         ].map((stat, i) => (
  198 |           <motion.div (src/app/[locale]/(dashboard)
[browser] Error: MISSING_MESSAGE: Could not resolve `orders.avgOrder` in messages for locale `id`.
    at OrdersPage (src/app/[locale]/(dashboard)/orders/page.tsx:196:20)
  194 |           { label: torders("totalRevenue") || "Total Revenue", end: totalRevenue, icon: D...
  195 |           { label: torders("pending") || "Pending", end: pendingCount, icon: Clock, color...
> 196 |           { label: torders("avgOrder") || "Avg Order", end: avgOrderValue, icon: BarChart...
      |                    ^
  197 |         ].map((stat, i) => (
  198 |           <motion.div
  199 |             key={stat.label} (src/app/[locale]/(dashboard)
 GET /api/dashboard 200 in 776ms (next.js: 17ms, application-code: 760ms)
 GET /api/dashboard 200 in 332ms (next.js: 5ms, application-code: 327ms)
 GET /api/dashboard 200 in 590ms (next.js: 10ms, application-code: 580ms)
 GET /api/orders 200 in 750ms (next.js: 6ms, application-code: 743ms)
[browser] Error: MISSING_MESSAGE: Could not resolve `orders.totalOrders` in messages for locale `id`.
    at OrdersPage (src/app/[locale]/(dashboard)/orders/page.tsx:193:20)
  191 |       <div className="grid grid-cols-1 sm:grid-cols-2 lg:grid-cols-4 gap-4">
  192 |         {[
> 193 |           { label: torders("totalOrders") || "Total Orders", end: orders?.length || 0, ic...
      |                    ^
  194 |           { label: torders("totalRevenue") || "Total Revenue", end: totalRevenue, icon: D...
  195 |           { label: torders("pending") || "Pending", end: pendingCount, icon: Clock, color...
  196 |           { label: torders("avgOrder") || "Avg Order", end: avgOrderValue, icon: BarChart... (src/app/[locale]/(dashboard)
[browser] Error: MISSING_MESSAGE: Could not resolve `orders.totalRevenue` in messages for locale `id`.
    at OrdersPage (src/app/[locale]/(dashboard)/orders/page.tsx:194:20)
  192 |         {[
  193 |           { label: torders("totalOrders") || "Total Orders", end: orders?.length || 0, ic...
> 194 |           { label: torders("totalRevenue") || "Total Revenue", end: totalRevenue, icon: D...
      |                    ^
  195 |           { label: torders("pending") || "Pending", end: pendingCount, icon: Clock, color...
  196 |           { label: torders("avgOrder") || "Avg Order", end: avgOrderValue, icon: BarChart...
  197 |         ].map((stat, i) => ( (src/app/[locale]/(dashboard)
[browser] Error: MISSING_MESSAGE: Could not resolve `orders.pending` in messages for locale `id`.
    at OrdersPage (src/app/[locale]/(dashboard)/orders/page.tsx:195:20)
  193 |           { label: torders("totalOrders") || "Total Orders", end: orders?.length || 0, ic...
  194 |           { label: torders("totalRevenue") || "Total Revenue", end: totalRevenue, icon: D...
> 195 |           { label: torders("pending") || "Pending", end: pendingCount, icon: Clock, color...
      |                    ^
  196 |           { label: torders("avgOrder") || "Avg Order", end: avgOrderValue, icon: BarChart...
  197 |         ].map((stat, i) => (
  198 |           <motion.div (src/app/[locale]/(dashboard)
[browser] Error: MISSING_MESSAGE: Could not resolve `orders.avgOrder` in messages for locale `id`.
    at OrdersPage (src/app/[locale]/(dashboard)/orders/page.tsx:196:20)
  194 |           { label: torders("totalRevenue") || "Total Revenue", end: totalRevenue, icon: D...
  195 |           { label: torders("pending") || "Pending", end: pendingCount, icon: Clock, color...
> 196 |           { label: torders("avgOrder") || "Avg Order", end: avgOrderValue, icon: BarChart...
      |                    ^
  197 |         ].map((stat, i) => (
  198 |           <motion.div
  199 |             key={stat.label} (src/app/[locale]/(dashboard)
[browser] Error: MISSING_MESSAGE: Could not resolve `orders.totalOrders` in messages for locale `id`.
    at OrdersPage (src/app/[locale]/(dashboard)/orders/page.tsx:193:20)
  191 |       <div className="grid grid-cols-1 sm:grid-cols-2 lg:grid-cols-4 gap-4">
  192 |         {[
> 193 |           { label: torders("totalOrders") || "Total Orders", end: orders?.length || 0, ic...
      |                    ^
  194 |           { label: torders("totalRevenue") || "Total Revenue", end: totalRevenue, icon: D...
  195 |           { label: torders("pending") || "Pending", end: pendingCount, icon: Clock, color...
  196 |           { label: torders("avgOrder") || "Avg Order", end: avgOrderValue, icon: BarChart... (src/app/[locale]/(dashboard)
[browser] Error: MISSING_MESSAGE: Could not resolve `orders.totalRevenue` in messages for locale `id`.
    at OrdersPage (src/app/[locale]/(dashboard)/orders/page.tsx:194:20)
  192 |         {[
  193 |           { label: torders("totalOrders") || "Total Orders", end: orders?.length || 0, ic...
> 194 |           { label: torders("totalRevenue") || "Total Revenue", end: totalRevenue, icon: D...
      |                    ^
  195 |           { label: torders("pending") || "Pending", end: pendingCount, icon: Clock, color...
  196 |           { label: torders("avgOrder") || "Avg Order", end: avgOrderValue, icon: BarChart...
  197 |         ].map((stat, i) => ( (src/app/[locale]/(dashboard)
[browser] Error: MISSING_MESSAGE: Could not resolve `orders.pending` in messages for locale `id`.
    at OrdersPage (src/app/[locale]/(dashboard)/orders/page.tsx:195:20)
  193 |           { label: torders("totalOrders") || "Total Orders", end: orders?.length || 0, ic...
  194 |           { label: torders("totalRevenue") || "Total Revenue", end: totalRevenue, icon: D...
> 195 |           { label: torders("pending") || "Pending", end: pendingCount, icon: Clock, color...
      |                    ^
  196 |           { label: torders("avgOrder") || "Avg Order", end: avgOrderValue, icon: BarChart...
  197 |         ].map((stat, i) => (
  198 |           <motion.div (src/app/[locale]/(dashboard)
[browser] Error: MISSING_MESSAGE: Could not resolve `orders.avgOrder` in messages for locale `id`.
    at OrdersPage (src/app/[locale]/(dashboard)/orders/page.tsx:196:20)
  194 |           { label: torders("totalRevenue") || "Total Revenue", end: totalRevenue, icon: D...
  195 |           { label: torders("pending") || "Pending", end: pendingCount, icon: Clock, color...
> 196 |           { label: torders("avgOrder") || "Avg Order", end: avgOrderValue, icon: BarChart...
      |                    ^
  197 |         ].map((stat, i) => (
  198 |           <motion.div
  199 |             key={stat.label} (src/app/[locale]/(dashboard)
 GET /api/dashboard 200 in 587ms (next.js: 7ms, application-code: 580ms)
 GET /api/dashboard 200 in 351ms (next.js: 27ms, application-code: 324ms)
 GET /api/orders 200 in 852ms (next.js: 13ms, application-code: 839ms)
[browser] Error: MISSING_MESSAGE: Could not resolve `orders.totalOrders` in messages for locale `id`.
    at OrdersPage (src/app/[locale]/(dashboard)/orders/page.tsx:193:20)
  191 |       <div className="grid grid-cols-1 sm:grid-cols-2 lg:grid-cols-4 gap-4">
  192 |         {[
> 193 |           { label: torders("totalOrders") || "Total Orders", end: orders?.length || 0, ic...
      |                    ^
  194 |           { label: torders("totalRevenue") || "Total Revenue", end: totalRevenue, icon: D...
  195 |           { label: torders("pending") || "Pending", end: pendingCount, icon: Clock, color...
  196 |           { label: torders("avgOrder") || "Avg Order", end: avgOrderValue, icon: BarChart... (src/app/[locale]/(dashboard)
[browser] Error: MISSING_MESSAGE: Could not resolve `orders.totalRevenue` in messages for locale `id`.
    at OrdersPage (src/app/[locale]/(dashboard)/orders/page.tsx:194:20)
  192 |         {[
  193 |           { label: torders("totalOrders") || "Total Orders", end: orders?.length || 0, ic...
> 194 |           { label: torders("totalRevenue") || "Total Revenue", end: totalRevenue, icon: D...
      |                    ^
  195 |           { label: torders("pending") || "Pending", end: pendingCount, icon: Clock, color...
  196 |           { label: torders("avgOrder") || "Avg Order", end: avgOrderValue, icon: BarChart...
  197 |         ].map((stat, i) => ( (src/app/[locale]/(dashboard)
[browser] Error: MISSING_MESSAGE: Could not resolve `orders.pending` in messages for locale `id`.
    at OrdersPage (src/app/[locale]/(dashboard)/orders/page.tsx:195:20)
  193 |           { label: torders("totalOrders") || "Total Orders", end: orders?.length || 0, ic...
  194 |           { label: torders("totalRevenue") || "Total Revenue", end: totalRevenue, icon: D...
> 195 |           { label: torders("pending") || "Pending", end: pendingCount, icon: Clock, color...
      |                    ^
  196 |           { label: torders("avgOrder") || "Avg Order", end: avgOrderValue, icon: BarChart...
  197 |         ].map((stat, i) => (
  198 |           <motion.div (src/app/[locale]/(dashboard)
[browser] Error: MISSING_MESSAGE: Could not resolve `orders.avgOrder` in messages for locale `id`.
    at OrdersPage (src/app/[locale]/(dashboard)/orders/page.tsx:196:20)
  194 |           { label: torders("totalRevenue") || "Total Revenue", end: totalRevenue, icon: D...
  195 |           { label: torders("pending") || "Pending", end: pendingCount, icon: Clock, color...
> 196 |           { label: torders("avgOrder") || "Avg Order", end: avgOrderValue, icon: BarChart...
      |                    ^
  197 |         ].map((stat, i) => (
  198 |           <motion.div
  199 |             key={stat.label} (src/app/[locale]/(dashboard)
[browser] Error: MISSING_MESSAGE: Could not resolve `orders.totalOrders` in messages for locale `id`.
    at OrdersPage (src/app/[locale]/(dashboard)/orders/page.tsx:193:20)
  191 |       <div className="grid grid-cols-1 sm:grid-cols-2 lg:grid-cols-4 gap-4">
  192 |         {[
> 193 |           { label: torders("totalOrders") || "Total Orders", end: orders?.length || 0, ic...
      |                    ^
  194 |           { label: torders("totalRevenue") || "Total Revenue", end: totalRevenue, icon: D...
  195 |           { label: torders("pending") || "Pending", end: pendingCount, icon: Clock, color...
  196 |           { label: torders("avgOrder") || "Avg Order", end: avgOrderValue, icon: BarChart... (src/app/[locale]/(dashboard)
[browser] Error: MISSING_MESSAGE: Could not resolve `orders.totalRevenue` in messages for locale `id`.
    at OrdersPage (src/app/[locale]/(dashboard)/orders/page.tsx:194:20)
  192 |         {[
  193 |           { label: torders("totalOrders") || "Total Orders", end: orders?.length || 0, ic...
> 194 |           { label: torders("totalRevenue") || "Total Revenue", end: totalRevenue, icon: D...
      |                    ^
  195 |           { label: torders("pending") || "Pending", end: pendingCount, icon: Clock, color...
  196 |           { label: torders("avgOrder") || "Avg Order", end: avgOrderValue, icon: BarChart...
  197 |         ].map((stat, i) => ( (src/app/[locale]/(dashboard)
[browser] Error: MISSING_MESSAGE: Could not resolve `orders.pending` in messages for locale `id`.
    at OrdersPage (src/app/[locale]/(dashboard)/orders/page.tsx:195:20)
  193 |           { label: torders("totalOrders") || "Total Orders", end: orders?.length || 0, ic...
  194 |           { label: torders("totalRevenue") || "Total Revenue", end: totalRevenue, icon: D...
> 195 |           { label: torders("pending") || "Pending", end: pendingCount, icon: Clock, color...
      |                    ^
  196 |           { label: torders("avgOrder") || "Avg Order", end: avgOrderValue, icon: BarChart...
  197 |         ].map((stat, i) => (
  198 |           <motion.div (src/app/[locale]/(dashboard)
[browser] Error: MISSING_MESSAGE: Could not resolve `orders.avgOrder` in messages for locale `id`.
    at OrdersPage (src/app/[locale]/(dashboard)/orders/page.tsx:196:20)
  194 |           { label: torders("totalRevenue") || "Total Revenue", end: totalRevenue, icon: D...
  195 |           { label: torders("pending") || "Pending", end: pendingCount, icon: Clock, color...
> 196 |           { label: torders("avgOrder") || "Avg Order", end: avgOrderValue, icon: BarChart...
      |                    ^
  197 |         ].map((stat, i) => (
  198 |           <motion.div
  199 |             key={stat.label} (src/app/[locale]/(dashboard)
 GET /api/dashboard 200 in 459ms (next.js: 61ms, application-code: 398ms)
 GET /api/dashboard 200 in 331ms (next.js: 20ms, application-code: 311ms)
 GET /id/sales 200 in 2.4s (next.js: 2.3s, proxy.ts: 30ms, application-code: 80ms)
 GET /api/orders?channel=all&status=all 200 in 457ms (next.js: 9ms, application-code: 448ms)
 GET /api/orders?channel=all&status=all 200 in 390ms (next.js: 8ms, application-code: 382ms)
 GET /api/dashboard 200 in 308ms (next.js: 18ms, application-code: 289ms)
 GET /en/sales 200 in 173ms (next.js: 57ms, proxy.ts: 10ms, application-code: 106ms)
 GET /icon?56e3a09cef2a0cb7 200 in 54ms (proxy.ts: 10ms)
 GET /icon?56e3a09cef2a0cb7 200 in 33ms (proxy.ts: 10ms)
 GET /icon?56e3a09cef2a0cb7 200 in 39ms (proxy.ts: 15ms)
 GET /api/orders?channel=all&status=all 200 in 701ms (next.js: 7ms, application-code: 693ms)
 GET /api/orders?channel=all&status=all 200 in 335ms (next.js: 8ms, application-code: 328ms)
 GET /api/orders?channel=all&status=all 200 in 466ms (next.js: 10ms, application-code: 455ms)
 GET /api/orders?channel=all&status=all 200 in 328ms (next.js: 17ms, application-code: 311ms)
 GET /api/dashboard 200 in 538ms (next.js: 7ms, application-code: 531ms)
 GET /id/sales 200 in 158ms (next.js: 55ms, proxy.ts: 13ms, application-code: 90ms)
 GET /api/orders?channel=all&status=all 200 in 416ms (next.js: 9ms, application-code: 407ms)
 GET /api/orders?channel=all&status=all 200 in 379ms (next.js: 7ms, application-code: 372ms)
 GET /api/orders?channel=all&status=all 200 in 336ms (next.js: 10ms, application-code: 326ms)
 GET /api/orders?channel=all&status=all 200 in 310ms (next.js: 7ms, application-code: 304ms)
 GET /api/dashboard 200 in 950ms (next.js: 452ms, application-code: 498ms)
 GET /id/orders 200 in 171ms (next.js: 50ms, proxy.ts: 19ms, application-code: 102ms)
 GET /api/orders 200 in 1330ms (next.js: 18ms, application-code: 1313ms)
[browser] Error: MISSING_MESSAGE: Could not resolve `orders.totalOrders` in messages for locale `id`.
    at OrdersPage (src/app/[locale]/(dashboard)/orders/page.tsx:193:20)
  191 |       <div className="grid grid-cols-1 sm:grid-cols-2 lg:grid-cols-4 gap-4">
  192 |         {[
> 193 |           { label: torders("totalOrders") || "Total Orders", end: orders?.length || 0, ic...
      |                    ^
  194 |           { label: torders("totalRevenue") || "Total Revenue", end: totalRevenue, icon: D...
  195 |           { label: torders("pending") || "Pending", end: pendingCount, icon: Clock, color...
  196 |           { label: torders("avgOrder") || "Avg Order", end: avgOrderValue, icon: BarChart... (src/app/[locale]/(dashboard)
[browser] Error: MISSING_MESSAGE: Could not resolve `orders.totalRevenue` in messages for locale `id`.
    at OrdersPage (src/app/[locale]/(dashboard)/orders/page.tsx:194:20)
  192 |         {[
  193 |           { label: torders("totalOrders") || "Total Orders", end: orders?.length || 0, ic...
> 194 |           { label: torders("totalRevenue") || "Total Revenue", end: totalRevenue, icon: D...
      |                    ^
  195 |           { label: torders("pending") || "Pending", end: pendingCount, icon: Clock, color...
  196 |           { label: torders("avgOrder") || "Avg Order", end: avgOrderValue, icon: BarChart...
  197 |         ].map((stat, i) => ( (src/app/[locale]/(dashboard)
[browser] Error: MISSING_MESSAGE: Could not resolve `orders.pending` in messages for locale `id`.
    at OrdersPage (src/app/[locale]/(dashboard)/orders/page.tsx:195:20)
  193 |           { label: torders("totalOrders") || "Total Orders", end: orders?.length || 0, ic...
  194 |           { label: torders("totalRevenue") || "Total Revenue", end: totalRevenue, icon: D...
> 195 |           { label: torders("pending") || "Pending", end: pendingCount, icon: Clock, color...
      |                    ^
  196 |           { label: torders("avgOrder") || "Avg Order", end: avgOrderValue, icon: BarChart...
  197 |         ].map((stat, i) => (
  198 |           <motion.div (src/app/[locale]/(dashboard)
[browser] Error: MISSING_MESSAGE: Could not resolve `orders.avgOrder` in messages for locale `id`.
    at OrdersPage (src/app/[locale]/(dashboard)/orders/page.tsx:196:20)
  194 |           { label: torders("totalRevenue") || "Total Revenue", end: totalRevenue, icon: D...
  195 |           { label: torders("pending") || "Pending", end: pendingCount, icon: Clock, color...
> 196 |           { label: torders("avgOrder") || "Avg Order", end: avgOrderValue, icon: BarChart...
      |                    ^
  197 |         ].map((stat, i) => (
  198 |           <motion.div
  199 |             key={stat.label} (src/app/[locale]/(dashboard)
[browser] Error: MISSING_MESSAGE: Could not resolve `orders.totalOrders` in messages for locale `id`.
    at OrdersPage (src/app/[locale]/(dashboard)/orders/page.tsx:193:20)
  191 |       <div className="grid grid-cols-1 sm:grid-cols-2 lg:grid-cols-4 gap-4">
  192 |         {[
> 193 |           { label: torders("totalOrders") || "Total Orders", end: orders?.length || 0, ic...
      |                    ^
  194 |           { label: torders("totalRevenue") || "Total Revenue", end: totalRevenue, icon: D...
  195 |           { label: torders("pending") || "Pending", end: pendingCount, icon: Clock, color...
  196 |           { label: torders("avgOrder") || "Avg Order", end: avgOrderValue, icon: BarChart... (src/app/[locale]/(dashboard)
[browser] Error: MISSING_MESSAGE: Could not resolve `orders.totalRevenue` in messages for locale `id`.
    at OrdersPage (src/app/[locale]/(dashboard)/orders/page.tsx:194:20)
  192 |         {[
  193 |           { label: torders("totalOrders") || "Total Orders", end: orders?.length || 0, ic...
> 194 |           { label: torders("totalRevenue") || "Total Revenue", end: totalRevenue, icon: D...
      |                    ^
  195 |           { label: torders("pending") || "Pending", end: pendingCount, icon: Clock, color...
  196 |           { label: torders("avgOrder") || "Avg Order", end: avgOrderValue, icon: BarChart...
  197 |         ].map((stat, i) => ( (src/app/[locale]/(dashboard)
[browser] Error: MISSING_MESSAGE: Could not resolve `orders.pending` in messages for locale `id`.
    at OrdersPage (src/app/[locale]/(dashboard)/orders/page.tsx:195:20)
  193 |           { label: torders("totalOrders") || "Total Orders", end: orders?.length || 0, ic...
  194 |           { label: torders("totalRevenue") || "Total Revenue", end: totalRevenue, icon: D...
> 195 |           { label: torders("pending") || "Pending", end: pendingCount, icon: Clock, color...
      |                    ^
  196 |           { label: torders("avgOrder") || "Avg Order", end: avgOrderValue, icon: BarChart...
  197 |         ].map((stat, i) => (
  198 |           <motion.div (src/app/[locale]/(dashboard)
[browser] Error: MISSING_MESSAGE: Could not resolve `orders.avgOrder` in messages for locale `id`.
    at OrdersPage (src/app/[locale]/(dashboard)/orders/page.tsx:196:20)
  194 |           { label: torders("totalRevenue") || "Total Revenue", end: totalRevenue, icon: D...
  195 |           { label: torders("pending") || "Pending", end: pendingCount, icon: Clock, color...
> 196 |           { label: torders("avgOrder") || "Avg Order", end: avgOrderValue, icon: BarChart...
      |                    ^
  197 |         ].map((stat, i) => (
  198 |           <motion.div
  199 |             key={stat.label} (src/app/[locale]/(dashboard)
 GET /api/orders 200 in 384ms (next.js: 11ms, application-code: 373ms)
[browser] Error: MISSING_MESSAGE: Could not resolve `orders.totalOrders` in messages for locale `id`.
    at OrdersPage (src/app/[locale]/(dashboard)/orders/page.tsx:193:20)
  191 |       <div className="grid grid-cols-1 sm:grid-cols-2 lg:grid-cols-4 gap-4">
  192 |         {[
> 193 |           { label: torders("totalOrders") || "Total Orders", end: orders?.length || 0, ic...
      |                    ^
  194 |           { label: torders("totalRevenue") || "Total Revenue", end: totalRevenue, icon: D...
  195 |           { label: torders("pending") || "Pending", end: pendingCount, icon: Clock, color...
  196 |           { label: torders("avgOrder") || "Avg Order", end: avgOrderValue, icon: BarChart... (src/app/[locale]/(dashboard)
[browser] Error: MISSING_MESSAGE: Could not resolve `orders.totalRevenue` in messages for locale `id`.
    at OrdersPage (src/app/[locale]/(dashboard)/orders/page.tsx:194:20)
  192 |         {[
  193 |           { label: torders("totalOrders") || "Total Orders", end: orders?.length || 0, ic...
> 194 |           { label: torders("totalRevenue") || "Total Revenue", end: totalRevenue, icon: D...
      |                    ^
  195 |           { label: torders("pending") || "Pending", end: pendingCount, icon: Clock, color...
  196 |           { label: torders("avgOrder") || "Avg Order", end: avgOrderValue, icon: BarChart...
  197 |         ].map((stat, i) => ( (src/app/[locale]/(dashboard)
[browser] Error: MISSING_MESSAGE: Could not resolve `orders.pending` in messages for locale `id`.
    at OrdersPage (src/app/[locale]/(dashboard)/orders/page.tsx:195:20)
  193 |           { label: torders("totalOrders") || "Total Orders", end: orders?.length || 0, ic...
  194 |           { label: torders("totalRevenue") || "Total Revenue", end: totalRevenue, icon: D...
> 195 |           { label: torders("pending") || "Pending", end: pendingCount, icon: Clock, color...
      |                    ^
  196 |           { label: torders("avgOrder") || "Avg Order", end: avgOrderValue, icon: BarChart...
  197 |         ].map((stat, i) => (
  198 |           <motion.div (src/app/[locale]/(dashboard)
[browser] Error: MISSING_MESSAGE: Could not resolve `orders.avgOrder` in messages for locale `id`.
    at OrdersPage (src/app/[locale]/(dashboard)/orders/page.tsx:196:20)
  194 |           { label: torders("totalRevenue") || "Total Revenue", end: totalRevenue, icon: D...
  195 |           { label: torders("pending") || "Pending", end: pendingCount, icon: Clock, color...
> 196 |           { label: torders("avgOrder") || "Avg Order", end: avgOrderValue, icon: BarChart...
      |                    ^
  197 |         ].map((stat, i) => (
  198 |           <motion.div
  199 |             key={stat.label} (src/app/[locale]/(dashboard)
[browser] Error: MISSING_MESSAGE: Could not resolve `orders.totalOrders` in messages for locale `id`.
    at OrdersPage (src/app/[locale]/(dashboard)/orders/page.tsx:193:20)
  191 |       <div className="grid grid-cols-1 sm:grid-cols-2 lg:grid-cols-4 gap-4">
  192 |         {[
> 193 |           { label: torders("totalOrders") || "Total Orders", end: orders?.length || 0, ic...
      |                    ^
  194 |           { label: torders("totalRevenue") || "Total Revenue", end: totalRevenue, icon: D...
  195 |           { label: torders("pending") || "Pending", end: pendingCount, icon: Clock, color...
  196 |           { label: torders("avgOrder") || "Avg Order", end: avgOrderValue, icon: BarChart... (src/app/[locale]/(dashboard)
[browser] Error: MISSING_MESSAGE: Could not resolve `orders.totalRevenue` in messages for locale `id`.
    at OrdersPage (src/app/[locale]/(dashboard)/orders/page.tsx:194:20)
  192 |         {[
  193 |           { label: torders("totalOrders") || "Total Orders", end: orders?.length || 0, ic...
> 194 |           { label: torders("totalRevenue") || "Total Revenue", end: totalRevenue, icon: D...
      |                    ^
  195 |           { label: torders("pending") || "Pending", end: pendingCount, icon: Clock, color...
  196 |           { label: torders("avgOrder") || "Avg Order", end: avgOrderValue, icon: BarChart...
  197 |         ].map((stat, i) => ( (src/app/[locale]/(dashboard)
[browser] Error: MISSING_MESSAGE: Could not resolve `orders.pending` in messages for locale `id`.
    at OrdersPage (src/app/[locale]/(dashboard)/orders/page.tsx:195:20)
  193 |           { label: torders("totalOrders") || "Total Orders", end: orders?.length || 0, ic...
  194 |           { label: torders("totalRevenue") || "Total Revenue", end: totalRevenue, icon: D...
> 195 |           { label: torders("pending") || "Pending", end: pendingCount, icon: Clock, color...
      |                    ^
  196 |           { label: torders("avgOrder") || "Avg Order", end: avgOrderValue, icon: BarChart...
  197 |         ].map((stat, i) => (
  198 |           <motion.div (src/app/[locale]/(dashboard)
[browser] Error: MISSING_MESSAGE: Could not resolve `orders.avgOrder` in messages for locale `id`.
    at OrdersPage (src/app/[locale]/(dashboard)/orders/page.tsx:196:20)
  194 |           { label: torders("totalRevenue") || "Total Revenue", end: totalRevenue, icon: D...
  195 |           { label: torders("pending") || "Pending", end: pendingCount, icon: Clock, color...
> 196 |           { label: torders("avgOrder") || "Avg Order", end: avgOrderValue, icon: BarChart...
      |                    ^
  197 |         ].map((stat, i) => (
  198 |           <motion.div
  199 |             key={stat.label} (src/app/[locale]/(dashboard)
 GET /api/dashboard 200 in 321ms (next.js: 23ms, application-code: 298ms)
 GET /api/dashboard 200 in 549ms (next.js: 17ms, application-code: 532ms)
 GET /id/settings 200 in 2.6s (next.js: 2.5s, proxy.ts: 19ms, application-code: 107ms)
 GET /api/dashboard 200 in 770ms (next.js: 27ms, application-code: 744ms)
 GET /api/dashboard 200 in 276ms (next.js: 11ms, application-code: 265ms)
 GET /api/dashboard 200 in 292ms (next.js: 8ms, application-code: 284ms)
 GET /api/dashboard 200 in 316ms (next.js: 10ms, application-code: 307ms)
 GET /api/dashboard 200 in 368ms (next.js: 8ms, application-code: 360ms)
 GET /api/dashboard 200 in 1142ms (next.js: 14ms, application-code: 1129ms)
 GET /api/dashboard 200 in 323ms (next.js: 10ms, application-code: 313ms)
 GET /api/dashboard 200 in 289ms (next.js: 12ms, application-code: 277ms)
 GET /api/dashboard 200 in 429ms (next.js: 7ms, application-code: 422ms)
 GET /api/dashboard 200 in 496ms (next.js: 6ms, application-code: 490ms)
 GET /api/dashboard 200 in 2.3s (next.js: 12ms, application-code: 2.3s)
 GET /api/dashboard 200 in 522ms (next.js: 7ms, application-code: 515ms)
 GET /api/dashboard 200 in 535ms (next.js: 10ms, application-code: 525ms)
 GET /api/dashboard 200 in 283ms (next.js: 9ms, application-code: 274ms)
 GET /api/dashboard 200 in 408ms (next.js: 9ms, application-code: 398ms)
 GET /api/dashboard 200 in 366ms (next.js: 8ms, application-code: 357ms)
 GET /api/dashboard 200 in 532ms (next.js: 15ms, application-code: 516ms)
 GET /api/dashboard 200 in 697ms (next.js: 14ms, application-code: 683ms)
 GET /api/dashboard 200 in 403ms (next.js: 57ms, application-code: 346ms)
 GET /api/dashboard 200 in 365ms (next.js: 24ms, application-code: 340ms)
 GET /api/dashboard 200 in 509ms (next.js: 56ms, application-code: 453ms)
 GET /api/dashboard 200 in 451ms (next.js: 20ms, application-code: 431ms)
 GET /api/dashboard 200 in 2.1s (next.js: 9ms, application-code: 2.1s)
 GET /api/dashboard 200 in 1576ms (next.js: 10ms, application-code: 1566ms)
 GET /api/dashboard 200 in 689ms (next.js: 7ms, application-code: 681ms)
 GET /api/dashboard 200 in 406ms (next.js: 30ms, application-code: 376ms)
 GET /api/dashboard 200 in 320ms (next.js: 5ms, application-code: 315ms)
 GET /api/dashboard 200 in 492ms (next.js: 142ms, application-code: 350ms)
 GET /api/dashboard 200 in 730ms (next.js: 111ms, application-code: 619ms)
 GET /api/dashboard 200 in 531ms (next.js: 14ms, application-code: 517ms)
 GET /api/dashboard 200 in 371ms (next.js: 17ms, application-code: 353ms)
 GET /api/dashboard 200 in 886ms (next.js: 6ms, application-code: 880ms)
 GET /api/dashboard 200 in 980ms (next.js: 13ms, application-code: 967ms)
 GET /api/dashboard 200 in 749ms (next.js: 44ms, application-code: 705ms)
✓ Compiled in 675ms
 GET /api/dashboard 200 in 1479ms (next.js: 164ms, application-code: 1315ms)
 GET /id/settings 200 in 1330ms (next.js: 436ms, proxy.ts: 204ms, application-code: 690ms)
 GET /en/dashboard 200 in 1333ms (next.js: 868ms, proxy.ts: 206ms, application-code: 259ms)
 GET /manifest.webmanifest 200 in 119ms (next.js: 99ms, application-code: 20ms)
 GET /icon 200 in 449ms (proxy.ts: 27ms)
 GET /api/dashboard 200 in 650ms (next.js: 12ms, application-code: 638ms)
 GET /api/dashboard 200 in 659ms (next.js: 17ms, application-code: 642ms)
 GET /api/dashboard 200 in 349ms (next.js: 9ms, application-code: 340ms)
 GET /api/dashboard 200 in 598ms (next.js: 14ms, application-code: 584ms)
 GET /api/dashboard 200 in 397ms (next.js: 7ms, application-code: 390ms)
 GET /api/dashboard 200 in 334ms (next.js: 34ms, application-code: 299ms)
 GET /api/dashboard 200 in 378ms (next.js: 13ms, application-code: 365ms)
 GET /api/dashboard 200 in 408ms (next.js: 8ms, application-code: 400ms)
 GET /api/dashboard 200 in 410ms (next.js: 17ms, application-code: 393ms)
 GET /api/dashboard 200 in 275ms (next.js: 7ms, application-code: 268ms)
 GET /api/dashboard 200 in 294ms (next.js: 10ms, application-code: 283ms)
 GET /api/dashboard 200 in 540ms (next.js: 7ms, application-code: 533ms)
 GET /api/dashboard 200 in 342ms (next.js: 7ms, application-code: 335ms)
 GET /api/dashboard 200 in 274ms (next.js: 15ms, application-code: 259ms)
 GET /api/dashboard 200 in 289ms (next.js: 7ms, application-code: 282ms)
 GET /api/dashboard 200 in 493ms (next.js: 11ms, application-code: 482ms)
 GET /en/dashboard 200 in 1095ms (next.js: 38ms, proxy.ts: 15ms, application-code: 1042ms)
 GET /api/realtime 200 in 12.7min (next.js: 6ms, application-code: 12.7min)
 GET /manifest.webmanifest 200 in 27ms (next.js: 7ms, application-code: 20ms)
 GET /icon 200 in 53ms (proxy.ts: 16ms)
 GET /api/dashboard 200 in 2.2s (next.js: 13ms, application-code: 2.2s)
 GET /manifest.json 200 in 2.7s (next.js: 350ms, application-code: 2.4s)
 GET /en/login 404 in 2.8s (next.js: 2.3s, proxy.ts: 41ms, application-code: 457ms)
 GET /api/dashboard 200 in 393ms (next.js: 20ms, application-code: 374ms)
 GET /api/dashboard 200 in 321ms (next.js: 9ms, application-code: 312ms)
 GET /api/dashboard 200 in 304ms (next.js: 22ms, application-code: 282ms)
 GET /id/dashboard 200 in 188ms (next.js: 38ms, proxy.ts: 21ms, application-code: 129ms)
[browser] Detected `scroll-behavior: smooth` on the `<html>` element. To disable smooth scrolling during route transitions, add `data-scroll-behavior="smooth"` to your <html> element. Learn more: https://nextjs.org/docs/messages/missing-data-scroll-behavior
 GET /manifest.webmanifest 200 in 44ms (next.js: 25ms, application-code: 19ms)
 GET /api/dashboard 200 in 520ms (next.js: 8ms, application-code: 512ms)
 GET /icon 200 in 52ms (proxy.ts: 8ms)
 GET /api/dashboard 200 in 493ms (next.js: 13ms, application-code: 480ms)
 GET /api/dashboard 200 in 365ms (next.js: 14ms, application-code: 351ms)
 GET /api/dashboard 200 in 416ms (next.js: 12ms, application-code: 403ms)
 GET /api/dashboard 200 in 263ms (next.js: 8ms, application-code: 255ms)
 GET /en/dashboard 200 in 192ms (next.js: 47ms, proxy.ts: 10ms, application-code: 136ms)
 GET /api/dashboard 200 in 394ms (next.js: 13ms, application-code: 381ms)
 GET /manifest.webmanifest 200 in 45ms (next.js: 14ms, application-code: 32ms)
 GET /icon 200 in 55ms (proxy.ts: 16ms)
 GET /api/dashboard 200 in 389ms (next.js: 6ms, application-code: 383ms)
 GET /api/dashboard 200 in 471ms (next.js: 7ms, application-code: 464ms)
 GET /api/dashboard 200 in 277ms (next.js: 12ms, application-code: 265ms)
 GET /api/dashboard 200 in 281ms (next.js: 10ms, application-code: 271ms)
 GET /api/dashboard 200 in 311ms (next.js: 15ms, application-code: 295ms)
 GET /api/dashboard 200 in 314ms (next.js: 11ms, application-code: 302ms)
 GET /api/dashboard 200 in 269ms (next.js: 7ms, application-code: 261ms)
 GET /api/dashboard 200 in 378ms (next.js: 23ms, application-code: 354ms)
 GET /api/dashboard 200 in 302ms (next.js: 7ms, application-code: 295ms)
 GET /api/dashboard 200 in 321ms (next.js: 7ms, application-code: 314ms)
 GET /api/dashboard 200 in 414ms (next.js: 8ms, application-code: 407ms)
 GET /api/dashboard 200 in 477ms (next.js: 8ms, application-code: 469ms)
 GET /api/dashboard 200 in 330ms (next.js: 12ms, application-code: 318ms)
 GET /api/dashboard 200 in 263ms (next.js: 7ms, application-code: 257ms)
 GET /api/dashboard 200 in 329ms (next.js: 17ms, application-code: 312ms)
 GET /api/dashboard 200 in 647ms (next.js: 23ms, application-code: 625ms)
 GET /api/dashboard 200 in 436ms (next.js: 13ms, application-code: 423ms)
 GET /api/dashboard 200 in 304ms (next.js: 18ms, application-code: 286ms)
 GET /api/dashboard 200 in 280ms (next.js: 8ms, application-code: 272ms)
 GET /api/dashboard 200 in 463ms (next.js: 27ms, application-code: 436ms)
 GET /api/dashboard 200 in 472ms (next.js: 14ms, application-code: 458ms)
 GET /api/dashboard 200 in 260ms (next.js: 12ms, application-code: 248ms)
 GET /api/dashboard 200 in 335ms (next.js: 12ms, application-code: 323ms)
 GET /api/dashboard 200 in 355ms (next.js: 7ms, application-code: 348ms)
 GET /api/dashboard 200 in 644ms (next.js: 27ms, application-code: 617ms)
 GET /api/dashboard 200 in 355ms (next.js: 11ms, application-code: 344ms)
 GET /api/dashboard 200 in 396ms (next.js: 33ms, application-code: 363ms)
 GET /api/dashboard 200 in 358ms (next.js: 24ms, application-code: 334ms)
 GET /api/dashboard 200 in 701ms (next.js: 14ms, application-code: 687ms)
 GET /api/dashboard 200 in 298ms (next.js: 15ms, application-code: 283ms)
 GET /api/dashboard 200 in 356ms (next.js: 7ms, application-code: 349ms)
 GET /api/dashboard 200 in 282ms (next.js: 8ms, application-code: 273ms)
 GET /api/dashboard 200 in 384ms (next.js: 43ms, application-code: 341ms)
 GET /api/dashboard 200 in 265ms (next.js: 7ms, application-code: 258ms)
 GET /api/dashboard 200 in 312ms (next.js: 15ms, application-code: 297ms)
 GET /api/dashboard 200 in 404ms (next.js: 9ms, application-code: 395ms)
 GET /api/dashboard 200 in 468ms (next.js: 7ms, application-code: 461ms)
 GET /api/dashboard 200 in 383ms (next.js: 21ms, application-code: 362ms)
 GET /api/dashboard 200 in 634ms (next.js: 8ms, application-code: 626ms)
 GET /api/dashboard 200 in 252ms (next.js: 12ms, application-code: 240ms)
 GET /api/dashboard 200 in 310ms (next.js: 8ms, application-code: 302ms)
 GET /api/dashboard 200 in 503ms (next.js: 16ms, application-code: 487ms)
 GET /api/dashboard 200 in 373ms (next.js: 68ms, application-code: 306ms)
 GET /api/dashboard 200 in 307ms (next.js: 7ms, application-code: 300ms)
 GET /api/dashboard 200 in 352ms (next.js: 8ms, application-code: 344ms)
 GET /api/dashboard 200 in 275ms (next.js: 11ms, application-code: 264ms)
 GET /api/dashboard 200 in 280ms (next.js: 7ms, application-code: 274ms)
 GET /api/dashboard 200 in 392ms (next.js: 10ms, application-code: 382ms)
 GET /api/dashboard 200 in 255ms (next.js: 6ms, application-code: 249ms)
 GET /api/dashboard 200 in 257ms (next.js: 6ms, application-code: 251ms)
 GET /api/dashboard 200 in 522ms (next.js: 3ms, application-code: 518ms)
 GET /api/dashboard 200 in 273ms (next.js: 7ms, application-code: 266ms)
 GET /api/dashboard 200 in 302ms (next.js: 4ms, application-code: 297ms)
 GET /api/dashboard 200 in 306ms (next.js: 3ms, application-code: 303ms)
 GET /api/dashboard 200 in 986ms (next.js: 79ms, application-code: 907ms)
 GET /api/dashboard 200 in 512ms (next.js: 27ms, application-code: 486ms)
 GET /api/dashboard 200 in 422ms (next.js: 41ms, application-code: 381ms)
 GET /api/dashboard 200 in 547ms (next.js: 133ms, application-code: 414ms)
 GET /api/dashboard 200 in 422ms (next.js: 77ms, application-code: 345ms)
 GET /api/dashboard 200 in 430ms (next.js: 29ms, application-code: 401ms)
 GET /api/dashboard 200 in 810ms (next.js: 35ms, application-code: 774ms)
 GET /api/dashboard 200 in 589ms (next.js: 44ms, application-code: 545ms)
○ Compiling /[locale]/profile ...
 GET /id/profile 200 in 6.5s (next.js: 6.1s, proxy.ts: 126ms, application-code: 221ms)
 GET /api/dashboard 200 in 632ms (next.js: 9ms, application-code: 623ms)
 GET /api/profile 200 in 826ms (next.js: 530ms, application-code: 297ms)
 GET /api/profile 200 in 301ms (next.js: 7ms, application-code: 294ms)
 GET /api/dashboard 200 in 319ms (next.js: 13ms, application-code: 307ms)
 GET /api/dashboard 200 in 1046ms (next.js: 15ms, application-code: 1031ms)
 GET /api/dashboard 200 in 676ms (next.js: 17ms, application-code: 659ms)
 GET /api/dashboard 200 in 651ms (next.js: 124ms, application-code: 527ms)
 GET /api/dashboard 200 in 333ms (next.js: 15ms, application-code: 318ms)
 GET /api/dashboard 200 in 506ms (next.js: 12ms, application-code: 494ms)
 GET /api/dashboard 200 in 467ms (next.js: 49ms, application-code: 418ms)
 PUT /api/profile 200 in 497ms (next.js: 10ms, application-code: 488ms)
 GET /api/realtime 200 in 21.6min (next.js: 457ms, application-code: 21.6min)
 GET /api/dashboard 200 in 1750ms (next.js: 144ms, application-code: 1606ms)
 GET /api/dashboard 200 in 1086ms (next.js: 155ms, application-code: 931ms)
 GET /id/profile 200 in 9.1s (next.js: 566ms, proxy.ts: 88ms, application-code: 8.4s)
 GET /api/profile 200 in 1179ms (next.js: 137ms, application-code: 1042ms)
 GET /icon?56e3a09cef2a0cb7 200 in 1708ms (proxy.ts: 780ms)
 GET /api/profile 200 in 3.6s (next.js: 173ms, application-code: 3.4s)
 GET /manifest.json 200 in 4.1s (next.js: 523ms, application-code: 3.5s)
 GET /en/login 404 in 4.9s (next.js: 3.8s, proxy.ts: 644ms, application-code: 494ms)
 GET /api/profile 200 in 409ms (next.js: 57ms, application-code: 351ms)
 GET /api/dashboard 200 in 551ms (next.js: 107ms, application-code: 444ms)
 GET /api/dashboard 200 in 350ms (next.js: 41ms, application-code: 309ms)
 GET /api/dashboard 200 in 526ms (next.js: 29ms, application-code: 497ms)
○ Compiling /api/auth/totp/setup ...
⨯ Error [CryptoPluginMissingError]: Crypto plugin is required.
    at GET (src\app\api\auth\totp\setup\route.ts:27:23)
  25 |   // Generate a new TOTP secret
  26 |   const totp = new TOTP();
> 27 |   const secret = totp.generateSecret();
     |                       ^
  28 |
  29 |   // Create otpauth URL for QR code
  30 |   const otpauth = totp.toURI({
 GET /api/auth/totp/setup 500 in 4.9s (next.js: 3.8s, application-code: 1180ms)
 GET /api/dashboard 200 in 617ms (next.js: 39ms, application-code: 578ms)
 GET /api/dashboard 200 in 1836ms (next.js: 5ms, application-code: 1831ms)
 GET /api/dashboard 200 in 338ms (next.js: 8ms, application-code: 331ms)
 GET /api/dashboard 200 in 468ms (next.js: 4ms, application-code: 464ms)
 GET /api/dashboard 200 in 3.4s (next.js: 94ms, application-code: 3.3s)
 GET /api/dashboard 200 in 2.8s (next.js: 43ms, application-code: 2.7s)
 GET /api/dashboard 200 in 3.6s (next.js: 20ms, application-code: 3.5s)
 GET /api/dashboard 200 in 6.8s (next.js: 8ms, application-code: 6.8s)
 GET /api/dashboard 200 in 1798ms (next.js: 33ms, application-code: 1765ms)
 GET /api/dashboard 200 in 1738ms (next.js: 22ms, application-code: 1716ms)
 GET /api/dashboard 200 in 3.4s (next.js: 9ms, application-code: 3.4s)
 GET /api/dashboard 200 in 857ms (next.js: 8ms, application-code: 849ms)
 GET /api/dashboard 200 in 6.1s (next.js: 38ms, application-code: 6.0s)
 GET /api/dashboard 200 in 2.6s (next.js: 128ms, application-code: 2.5s)
 GET /api/dashboard 200 in 4.6s (next.js: 114ms, application-code: 4.4s)
 GET /api/dashboard 200 in 3.4s (next.js: 363ms, application-code: 3.1s)
 GET /api/dashboard 200 in 3.3s (next.js: 466ms, application-code: 2.8s)
 GET /api/dashboard 200 in 1258ms (next.js: 35ms, application-code: 1223ms)
 GET /api/dashboard 200 in 2.8s (next.js: 88ms, application-code: 2.7s)
 GET /api/dashboard 200 in 3.8s (next.js: 58ms, application-code: 3.8s)
 GET /api/dashboard 200 in 1869ms (next.js: 189ms, application-code: 1680ms)
 GET /api/dashboard 200 in 2.6s (next.js: 115ms, application-code: 2.5s)
 GET /api/dashboard 200 in 2.1s (next.js: 56ms, application-code: 2.1s)
 GET /api/dashboard 200 in 3.2s (next.js: 93ms, application-code: 3.1s)
 GET /api/dashboard 200 in 2.4s (next.js: 42ms, application-code: 2.3s)
 GET /api/dashboard 200 in 1833ms (next.js: 21ms, application-code: 1812ms)
 GET /api/dashboard 200 in 2.6s (next.js: 69ms, application-code: 2.5s)
 GET /api/dashboard 200 in 1004ms (next.js: 22ms, application-code: 983ms)
 GET /api/dashboard 200 in 1921ms (next.js: 30ms, application-code: 1891ms)
 GET /api/dashboard 200 in 2.3s (next.js: 9ms, application-code: 2.2s)
 GET /api/dashboard 200 in 3.0s (next.js: 9ms, application-code: 3.0s)
 GET /api/dashboard 200 in 3.6s (next.js: 14ms, application-code: 3.6s)
 GET /api/dashboard 200 in 1172ms (next.js: 7ms, application-code: 1165ms)
 GET /api/dashboard 200 in 2.5s (next.js: 7ms, application-code: 2.5s)
 GET /api/dashboard 200 in 1619ms (next.js: 10ms, application-code: 1609ms)
 GET /api/dashboard 200 in 1522ms (next.js: 6ms, application-code: 1516ms)
 GET /api/dashboard 200 in 4.2s (next.js: 18ms, application-code: 4.2s)
 GET /api/dashboard 200 in 1571ms (next.js: 6ms, application-code: 1566ms)
 GET /api/dashboard 200 in 2.0s (next.js: 7ms, application-code: 2.0s)
 GET /api/dashboard 200 in 6.0s (next.js: 10ms, application-code: 6.0s)
 GET /api/dashboard 200 in 3.1s (next.js: 4ms, application-code: 3.1s)
 GET /api/dashboard 200 in 4.8s (next.js: 19ms, application-code: 4.8s)
 GET /api/dashboard 200 in 1054ms (next.js: 10ms, application-code: 1044ms)
 GET /api/dashboard 200 in 2.2s (next.js: 11ms, application-code: 2.2s)
 GET /api/dashboard 200 in 411ms (next.js: 32ms, application-code: 380ms)
 GET /api/dashboard 200 in 3.7s (next.js: 6ms, application-code: 3.7s)
 GET /api/dashboard 200 in 1952ms (next.js: 7ms, application-code: 1945ms)
 GET /api/dashboard 200 in 1297ms (next.js: 35ms, application-code: 1261ms)
 GET /api/dashboard 200 in 1044ms (next.js: 8ms, application-code: 1036ms)
 GET /api/dashboard 200 in 413ms (next.js: 20ms, application-code: 392ms)
 GET /api/dashboard 200 in 2.6s (next.js: 4ms, application-code: 2.6s)
 GET /api/dashboard 200 in 664ms (next.js: 11ms, application-code: 653ms)
 GET /api/dashboard 200 in 1420ms (next.js: 5ms, application-code: 1414ms)
 GET /api/dashboard 200 in 637ms (next.js: 6ms, application-code: 631ms)
 GET /api/dashboard 200 in 573ms (next.js: 13ms, application-code: 559ms)
 GET /api/dashboard 200 in 1653ms (next.js: 16ms, application-code: 1638ms)
 GET /api/dashboard 200 in 2.3s (next.js: 10ms, application-code: 2.3s)
 GET /api/dashboard 200 in 289ms (next.js: 8ms, application-code: 281ms)
 GET /api/dashboard 200 in 508ms (next.js: 11ms, application-code: 497ms)
 GET /api/dashboard 200 in 351ms (next.js: 11ms, application-code: 340ms)
 GET /api/dashboard 200 in 1226ms (next.js: 32ms, application-code: 1194ms)
 GET /api/dashboard 200 in 986ms (next.js: 4ms, application-code: 981ms)
 GET /api/dashboard 200 in 632ms (next.js: 5ms, application-code: 627ms)
 GET /api/dashboard 200 in 1854ms (next.js: 6ms, application-code: 1848ms)
 GET /api/dashboard 200 in 492ms (next.js: 21ms, application-code: 471ms)
 GET /api/dashboard 200 in 874ms (next.js: 9ms, application-code: 865ms)
 GET /api/dashboard 200 in 864ms (next.js: 34ms, application-code: 830ms)
 GET /api/dashboard 200 in 1385ms (next.js: 8ms, application-code: 1377ms)
 GET /api/dashboard 200 in 788ms (next.js: 27ms, application-code: 761ms)
 GET /api/dashboard 200 in 334ms (next.js: 40ms, application-code: 294ms)
 GET /api/dashboard 200 in 2.7s (next.js: 85ms, application-code: 2.6s)
 GET /api/dashboard 200 in 1012ms (next.js: 12ms, application-code: 1000ms)
✓ Compiled in 339ms
 GET /en/dashboard 200 in 1414ms (next.js: 407ms, proxy.ts: 282ms, application-code: 724ms)
 GET /id/profile 200 in 1131ms (next.js: 814ms, proxy.ts: 23ms, application-code: 294ms)
 GET /manifest.webmanifest 200 in 136ms (next.js: 118ms, application-code: 18ms)
 GET /icon 200 in 734ms (proxy.ts: 75ms)
 GET /icon?56e3a09cef2a0cb7 200 in 24ms (proxy.ts: 9ms)
 GET /icon?56e3a09cef2a0cb7 200 in 53ms (proxy.ts: 7ms)
 GET /api/dashboard 200 in 2.5s (next.js: 148ms, application-code: 2.4s)
 GET /api/dashboard 200 in 601ms (next.js: 14ms, application-code: 587ms)
✓ Compiled in 543ms
 GET /en/dashboard 200 in 1142ms (next.js: 335ms, proxy.ts: 212ms, application-code: 594ms)
 GET /id/profile 200 in 921ms (next.js: 658ms, proxy.ts: 12ms, application-code: 251ms)
 GET /api/dashboard 200 in 1905ms (next.js: 16ms, application-code: 1889ms)
 GET /manifest.webmanifest 200 in 102ms (next.js: 65ms, application-code: 36ms)
 GET /icon 200 in 265ms (proxy.ts: 11ms)
 GET /icon?56e3a09cef2a0cb7 200 in 30ms (proxy.ts: 14ms)
 GET /icon?56e3a09cef2a0cb7 200 in 30ms (proxy.ts: 6ms)
 GET /api/dashboard 200 in 635ms (next.js: 104ms, application-code: 531ms)
 GET /api/dashboard 200 in 645ms (next.js: 10ms, application-code: 635ms)
✓ Compiled in 598ms
 GET /api/dashboard 200 in 1912ms (next.js: 8ms, application-code: 1904ms)
 GET /en/dashboard 200 in 1107ms (next.js: 265ms, proxy.ts: 167ms, application-code: 676ms)
 GET /id/profile 200 in 1116ms (next.js: 688ms, proxy.ts: 160ms, application-code: 269ms)
 GET /manifest.webmanifest 200 in 115ms (next.js: 94ms, application-code: 21ms)
 GET /api/dashboard 200 in 890ms (next.js: 153ms, application-code: 737ms)
 GET /icon 200 in 315ms (proxy.ts: 9ms)
 GET /icon?56e3a09cef2a0cb7 200 in 353ms (proxy.ts: 75ms)
 GET /icon?56e3a09cef2a0cb7 200 in 44ms (proxy.ts: 9ms)
 GET /api/dashboard 200 in 535ms (next.js: 12ms, application-code: 523ms)
 GET /api/dashboard 200 in 1591ms (next.js: 6ms, application-code: 1585ms)
 GET /api/dashboard 200 in 2.1s (next.js: 13ms, application-code: 2.1s)
✓ Compiled in 541ms
 GET /en/dashboard 200 in 913ms (next.js: 262ms, proxy.ts: 151ms, application-code: 500ms)
 GET /id/profile 200 in 907ms (next.js: 622ms, proxy.ts: 153ms, application-code: 132ms)
 GET /api/realtime 200 in 8.5min (next.js: 301ms, application-code: 8.5min)
 GET /api/realtime 200 in 15.7min (next.js: 77ms, application-code: 15.7min)
[browser] Uncaught ReferenceError: useState is not defined
    at MobileNav (src/components/layout/mobile-nav.tsx:34:43)
    at DashboardLayout (src/components/unsupported-browser-banner.tsx:71:24)
  32 |   const params = useParams();
  33 |   const locale = (params?.locale as string) || "en";
> 34 |   const [showLangMenu, setShowLangMenu] = useState(false);
     |                                           ^
  35 |   const { push: pushWithTransition } = useViewTransition();
  36 |   const { trackLanguageSwitch } = useAnalytics();
  37 |
✓ Compiled in 639ms
⚠ Fast Refresh had to perform a full reload due to a runtime error.
⚠ Fast Refresh had to perform a full reload due to a runtime error.
[browser] Encountered a script tag while rendering React component. Scripts inside React components are never executed when rendering on the client. Consider using template tag instead (https://developer.mozilla.org/en-US/docs/Web/HTML/Element/template). 
    at Set.forEach (<anonymous>) (<anonymous>)
 GET /icon?56e3a09cef2a0cb7 200 in 3.0s (proxy.ts: 638ms)
 GET /api/realtime 200 in 3.1s (next.js: 222ms, application-code: 2.8s)
 GET /api/profile 200 in 3.1s (next.js: 130ms, application-code: 2.9s)
 GET /api/realtime 200 in 3.1s (next.js: 432ms, application-code: 2.7s)
 GET /api/dashboard 200 in 4.1s (next.js: 840ms, application-code: 3.3s)
 GET /manifest.json 200 in 426ms (next.js: 67ms, application-code: 359ms)
 GET /en/login 404 in 5.0s (next.js: 1974ms, proxy.ts: 1400ms, application-code: 1583ms)
 GET /manifest.json 200 in 2.2s (next.js: 327ms, application-code: 1875ms)
 GET /en/login 404 in 3.7s (next.js: 1851ms, proxy.ts: 1413ms, application-code: 430ms)
 GET /manifest.webmanifest 200 in 179ms (next.js: 158ms, application-code: 21ms)
 GET /id/profile 200 in 5.9s (next.js: 584ms, proxy.ts: 231ms, application-code: 5.1s)
 GET /en/dashboard 200 in 5.8s (next.js: 1993ms, proxy.ts: 47ms, application-code: 3.7s)
 GET /icon?56e3a09cef2a0cb7 200 in 73ms (proxy.ts: 16ms)
 GET /icon 200 in 109ms (proxy.ts: 76ms)
 GET /icon?56e3a09cef2a0cb7 200 in 35ms (proxy.ts: 9ms)
 GET /api/dashboard 200 in 2.1s (next.js: 10ms, application-code: 2.1s)
 GET /api/profile 200 in 1591ms (next.js: 23ms, application-code: 1567ms)
 GET /manifest.json 200 in 1671ms (next.js: 29ms, application-code: 1642ms)
 GET /en/login 404 in 1709ms (next.js: 806ms, proxy.ts: 22ms, application-code: 882ms)
 GET /manifest.json 200 in 753ms (next.js: 108ms, application-code: 645ms)
 GET /en/login 404 in 1946ms (next.js: 707ms, proxy.ts: 1092ms, application-code: 147ms)
 GET /api/profile 200 in 835ms (next.js: 301ms, application-code: 534ms)
 GET /api/dashboard 200 in 940ms (next.js: 260ms, application-code: 680ms)
 GET /api/profile 200 in 684ms (next.js: 6ms, application-code: 678ms)
 GET /api/dashboard 200 in 969ms (next.js: 7ms, application-code: 963ms)
 GET /api/dashboard 200 in 778ms (next.js: 8ms, application-code: 770ms)
✓ Compiled in 302ms
 GET /id/profile 200 in 870ms (next.js: 270ms, proxy.ts: 138ms, application-code: 462ms)
 GET /en/dashboard 200 in 884ms (next.js: 598ms, proxy.ts: 144ms, application-code: 142ms)
 GET /icon?56e3a09cef2a0cb7 200 in 301ms (proxy.ts: 43ms)
 GET /icon?56e3a09cef2a0cb7 200 in 77ms (proxy.ts: 13ms)
 GET /manifest.webmanifest 200 in 127ms (next.js: 98ms, application-code: 28ms)
 GET /icon?56e3a09cef2a0cb7 200 in 199ms (proxy.ts: 39ms)
 GET /icon?56e3a09cef2a0cb7 200 in 204ms (proxy.ts: 13ms)
 GET /icon 200 in 64ms (proxy.ts: 34ms)
 GET /api/dashboard 200 in 3.1s (next.js: 99ms, application-code: 3.0s)
 GET /api/dashboard 200 in 1032ms (next.js: 12ms, application-code: 1021ms)
 GET /en/dashboard 200 in 958ms (next.js: 297ms, proxy.ts: 167ms, application-code: 494ms)
 GET /id/profile 200 in 958ms (next.js: 451ms, proxy.ts: 169ms, application-code: 338ms)
 GET /id/profile 200 in 245ms (next.js: 119ms, proxy.ts: 20ms, application-code: 106ms)
 GET /en/dashboard 200 in 261ms (next.js: 50ms, proxy.ts: 24ms, application-code: 187ms)
 GET /icon?56e3a09cef2a0cb7 200 in 281ms (proxy.ts: 12ms)
 GET /icon?56e3a09cef2a0cb7 200 in 72ms (proxy.ts: 24ms)
 GET /icon?56e3a09cef2a0cb7 200 in 91ms (proxy.ts: 24ms)
 GET /manifest.webmanifest 200 in 207ms (next.js: 185ms, application-code: 23ms)
 GET /icon?56e3a09cef2a0cb7 200 in 257ms (proxy.ts: 223ms)
 GET /icon 200 in 59ms (proxy.ts: 35ms)
 GET /api/dashboard 200 in 968ms (next.js: 146ms, application-code: 822ms)
 GET /api/dashboard 200 in 7.6s (next.js: 34ms, application-code: 7.5s)
 GET /api/dashboard 200 in 2.7s (next.js: 10ms, application-code: 2.7s)
 GET /api/dashboard 200 in 1472ms (next.js: 157ms, application-code: 1315ms)
 GET /api/dashboard 200 in 1139ms (next.js: 37ms, application-code: 1103ms)
 GET /api/dashboard 200 in 2.3s (next.js: 97ms, application-code: 2.2s)
 GET /api/dashboard 200 in 1935ms (next.js: 48ms, application-code: 1886ms)
 GET /api/dashboard 200 in 1540ms (next.js: 42ms, application-code: 1498ms)
 GET /api/dashboard 200 in 1166ms (next.js: 9ms, application-code: 1157ms)
 GET /api/dashboard 200 in 576ms (next.js: 19ms, application-code: 557ms)
 GET /api/dashboard 200 in 984ms (next.js: 37ms, application-code: 947ms)
 GET /api/dashboard 200 in 1830ms (next.js: 9ms, application-code: 1821ms)
 GET /api/dashboard 200 in 910ms (next.js: 13ms, application-code: 897ms)
 GET /api/dashboard 200 in 1737ms (next.js: 17ms, application-code: 1720ms)
 GET /api/dashboard 200 in 863ms (next.js: 19ms, application-code: 843ms)
 GET /api/dashboard 200 in 680ms (next.js: 13ms, application-code: 668ms)
 GET /api/dashboard 200 in 3.1s (next.js: 15ms, application-code: 3.1s)
 GET /api/dashboard 200 in 2.8s (next.js: 59ms, application-code: 2.8s)
 GET /api/dashboard 200 in 1062ms (next.js: 71ms, application-code: 991ms)
 GET /api/dashboard 200 in 864ms (next.js: 58ms, application-code: 805ms)
 GET /api/dashboard 200 in 746ms (next.js: 4ms, application-code: 742ms)
 GET /api/dashboard 200 in 486ms (next.js: 4ms, application-code: 483ms)
 GET /api/dashboard 200 in 1485ms (next.js: 4ms, application-code: 1480ms)
 GET /api/dashboard 200 in 905ms (next.js: 3ms, application-code: 902ms)
 GET /api/dashboard 200 in 805ms (next.js: 3ms, application-code: 801ms)
 GET /api/dashboard 200 in 682ms (next.js: 7ms, application-code: 676ms)
 GET /api/dashboard 200 in 913ms (next.js: 7ms, application-code: 906ms)
 GET /api/dashboard 200 in 898ms (next.js: 7ms, application-code: 891ms)
 GET /api/dashboard 200 in 696ms (next.js: 4ms, application-code: 692ms)
 GET /api/dashboard 200 in 3.7s (next.js: 27ms, application-code: 3.6s)
 GET /api/dashboard 200 in 1424ms (next.js: 7ms, application-code: 1418ms)
 GET /api/dashboard 200 in 361ms (next.js: 4ms, application-code: 357ms)
 GET /api/dashboard 200 in 1229ms (next.js: 10ms, application-code: 1219ms)
 GET /api/dashboard 200 in 529ms (next.js: 3ms, application-code: 526ms)
 GET /api/dashboard 200 in 561ms (next.js: 4ms, application-code: 558ms)
 GET /api/dashboard 200 in 2.7s (next.js: 3ms, application-code: 2.7s)
 GET /api/dashboard 200 in 1411ms (next.js: 5ms, application-code: 1406ms)
 GET /api/dashboard 200 in 661ms (next.js: 5ms, application-code: 657ms)
 GET /api/dashboard 200 in 852ms (next.js: 16ms, application-code: 835ms)
 GET /api/dashboard 200 in 877ms (next.js: 9ms, application-code: 868ms)
 GET /api/dashboard 200 in 431ms (next.js: 3ms, application-code: 428ms)
 GET /api/dashboard 200 in 1752ms (next.js: 3ms, application-code: 1749ms)
 GET /api/dashboard 200 in 1924ms (next.js: 4ms, application-code: 1921ms)
 GET /api/dashboard 200 in 1242ms (next.js: 3ms, application-code: 1239ms)
 GET /api/dashboard 200 in 837ms (next.js: 3ms, application-code: 834ms)
 GET /api/dashboard 200 in 5.4s (next.js: 17ms, application-code: 5.4s)
 GET /api/dashboard 200 in 858ms (next.js: 10ms, application-code: 848ms)
 GET /api/dashboard 200 in 990ms (next.js: 5ms, application-code: 984ms)
✓ Compiled in 1694ms
 GET /api/realtime 200 in 5.1min (next.js: 78ms, application-code: 5.1min)
 GET /api/realtime 200 in 5.1min (next.js: 33ms, application-code: 5.1min)
 GET /id/profile 200 in 1622ms (next.js: 317ms, proxy.ts: 157ms, application-code: 1148ms)
 GET /en/dashboard 200 in 146ms (next.js: 74ms, proxy.ts: 23ms, application-code: 49ms)
 GET /en/dashboard 200 in 1625ms (next.js: 717ms, proxy.ts: 158ms, application-code: 750ms)
 GET /id/profile 200 in 1641ms (next.js: 858ms, proxy.ts: 154ms, application-code: 629ms)
 GET /en/dashboard 200 in 1638ms (next.js: 893ms, proxy.ts: 154ms, application-code: 591ms)
 GET /manifest.webmanifest 200 in 75ms (next.js: 62ms, application-code: 14ms)
 GET /icon?56e3a09cef2a0cb7 200 in 227ms (proxy.ts: 10ms)
 GET /icon 200 in 204ms (proxy.ts: 18ms)
 GET /api/dashboard 200 in 752ms (next.js: 114ms, application-code: 638ms)
 GET /manifest.json 200 in 557ms (next.js: 39ms, application-code: 519ms)
 GET /en/login 404 in 576ms (next.js: 417ms, proxy.ts: 9ms, application-code: 150ms)
 GET /icon?56e3a09cef2a0cb7 200 in 96ms (proxy.ts: 72ms)
 GET /manifest.json 200 in 193ms (next.js: 12ms, application-code: 181ms)
 GET /en/login 404 in 257ms (next.js: 150ms, proxy.ts: 37ms, application-code: 70ms)
 GET /api/profile 200 in 424ms (next.js: 54ms, application-code: 371ms)
 GET /api/dashboard 200 in 772ms (next.js: 13ms, application-code: 758ms)
 GET /api/profile 200 in 435ms (next.js: 4ms, application-code: 432ms)
 GET /api/profile 200 in 399ms (next.js: 16ms, application-code: 382ms)
 GET /api/dashboard 200 in 488ms (next.js: 4ms, application-code: 484ms)
 GET /api/dashboard 200 in 369ms (next.js: 4ms, application-code: 365ms)
 GET /api/dashboard 200 in 486ms (next.js: 4ms, application-code: 482ms)
 GET /api/dashboard 200 in 442ms (next.js: 25ms, application-code: 416ms)
 GET /api/dashboard 200 in 309ms (next.js: 10ms, application-code: 299ms)
 GET /api/dashboard 200 in 743ms (next.js: 3ms, application-code: 740ms)
 GET /api/dashboard 200 in 288ms (next.js: 4ms, application-code: 284ms)
 GET /api/dashboard 200 in 579ms (next.js: 3ms, application-code: 575ms)
✓ Compiled in 96ms
 GET /en/dashboard 200 in 478ms (next.js: 101ms, proxy.ts: 176ms, application-code: 201ms)
 GET /id/profile 200 in 299ms (next.js: 249ms, proxy.ts: 5ms, application-code: 46ms)
 GET /manifest.webmanifest 200 in 43ms (next.js: 34ms, application-code: 8ms)
 GET /icon?56e3a09cef2a0cb7 200 in 125ms (proxy.ts: 7ms)
 GET /icon 200 in 70ms (proxy.ts: 4ms)
 GET /icon?56e3a09cef2a0cb7 200 in 11ms (proxy.ts: 3ms)
 GET /icon?56e3a09cef2a0cb7 200 in 11ms (proxy.ts: 3ms)
 GET /icon?56e3a09cef2a0cb7 200 in 11ms (proxy.ts: 4ms)
 GET /api/dashboard 200 in 531ms (next.js: 31ms, application-code: 500ms)
 GET /api/dashboard 200 in 453ms (next.js: 4ms, application-code: 449ms)
 GET /api/dashboard 200 in 264ms (next.js: 8ms, application-code: 257ms)
 GET /api/dashboard 200 in 512ms (next.js: 10ms, application-code: 502ms)
 GET /api/dashboard 200 in 1469ms (next.js: 3ms, application-code: 1465ms)
 GET /api/dashboard 200 in 582ms (next.js: 5ms, application-code: 577ms)
 GET /api/dashboard 200 in 335ms (next.js: 3ms, application-code: 332ms)
✓ Compiled in 96ms
 GET /en/dashboard 200 in 221ms (next.js: 110ms, proxy.ts: 64ms, application-code: 47ms)
 GET /manifest.webmanifest 200 in 50ms (next.js: 41ms, application-code: 8ms)
 GET /id/profile 200 in 442ms (next.js: 287ms, proxy.ts: 7ms, application-code: 148ms)
 GET /icon?56e3a09cef2a0cb7 200 in 169ms (proxy.ts: 57ms)
 GET /icon 200 in 111ms (proxy.ts: 9ms)
 GET /icon?56e3a09cef2a0cb7 200 in 15ms (proxy.ts: 4ms)
 GET /icon?56e3a09cef2a0cb7 200 in 23ms (proxy.ts: 4ms)
 GET /icon?56e3a09cef2a0cb7 200 in 12ms (proxy.ts: 5ms)
 GET /api/dashboard 200 in 491ms (next.js: 33ms, application-code: 458ms)
 GET /api/dashboard 200 in 530ms (next.js: 3ms, application-code: 526ms)
 GET /api/dashboard 200 in 1316ms (next.js: 5ms, application-code: 1311ms)
 GET /api/dashboard 200 in 424ms (next.js: 3ms, application-code: 421ms)
 GET /api/dashboard 200 in 1033ms (next.js: 5ms, application-code: 1028ms)
 GET /api/dashboard 200 in 230ms (next.js: 3ms, application-code: 227ms)
 GET /api/dashboard 200 in 508ms (next.js: 4ms, application-code: 504ms)
 GET /api/dashboard 200 in 895ms (next.js: 5ms, application-code: 890ms)
 GET /api/dashboard 200 in 1685ms (next.js: 6ms, application-code: 1679ms)
 GET /api/dashboard 200 in 553ms (next.js: 7ms, application-code: 546ms)
 GET /api/dashboard 200 in 2.8s (next.js: 4ms, application-code: 2.8s)
 GET /api/dashboard 200 in 1795ms (next.js: 5ms, application-code: 1790ms)
 GET /api/dashboard 200 in 3.1s (next.js: 5ms, application-code: 3.1s)
 GET /api/dashboard 200 in 2.6s (next.js: 9ms, application-code: 2.6s)
 GET /api/dashboard 200 in 3.2s (next.js: 8ms, application-code: 3.2s)
 GET /api/dashboard 200 in 1762ms (next.js: 7ms, application-code: 1756ms)
 GET /api/dashboard 200 in 1902ms (next.js: 4ms, application-code: 1898ms)
 GET /api/dashboard 200 in 2.1s (next.js: 6ms, application-code: 2.1s)
 GET /api/dashboard 200 in 2.1s (next.js: 6ms, application-code: 2.1s)
 GET /api/dashboard 200 in 291ms (next.js: 6ms, application-code: 285ms)
 GET /api/dashboard 200 in 647ms (next.js: 6ms, application-code: 642ms)
 GET /api/dashboard 200 in 338ms (next.js: 5ms, application-code: 332ms)
 GET /api/dashboard 200 in 531ms (next.js: 6ms, application-code: 525ms)
 GET /api/dashboard 200 in 2.0s (next.js: 3ms, application-code: 2.0s)
 GET /api/dashboard 200 in 978ms (next.js: 3ms, application-code: 974ms)
 GET /api/dashboard 200 in 4.4s (next.js: 3ms, application-code: 4.4s)
 GET /api/dashboard 200 in 382ms (next.js: 5ms, application-code: 377ms)
 GET /api/dashboard 200 in 1660ms (next.js: 6ms, application-code: 1654ms)
 GET /api/dashboard 200 in 1594ms (next.js: 3ms, application-code: 1591ms)
 GET /api/dashboard 200 in 4.2s (next.js: 3ms, application-code: 4.2s)
 GET /api/dashboard 200 in 223ms (next.js: 5ms, application-code: 217ms)
 GET /api/dashboard 200 in 2.7s (next.js: 4ms, application-code: 2.7s)
 GET /api/dashboard 200 in 2.2s (next.js: 3ms, application-code: 2.2s)
 GET /api/dashboard 200 in 1824ms (next.js: 3ms, application-code: 1821ms)
 GET /api/dashboard 200 in 305ms (next.js: 8ms, application-code: 298ms)
 GET /api/dashboard 200 in 7.1s (next.js: 4ms, application-code: 7.1s)
 GET /api/dashboard 200 in 3.4s (next.js: 7ms, application-code: 3.4s)
 GET /api/dashboard 200 in 572ms (next.js: 4ms, application-code: 567ms)
 GET /api/dashboard 200 in 496ms (next.js: 5ms, application-code: 492ms)
 GET /api/dashboard 200 in 1891ms (next.js: 5ms, application-code: 1886ms)
 GET /api/dashboard 200 in 2.9s (next.js: 4ms, application-code: 2.9s)
 GET /api/dashboard 200 in 792ms (next.js: 3ms, application-code: 788ms)
 GET /api/dashboard 200 in 398ms (next.js: 3ms, application-code: 395ms)
 GET /api/dashboard 200 in 226ms (next.js: 5ms, application-code: 221ms)
 GET /api/dashboard 200 in 323ms (next.js: 23ms, application-code: 300ms)
 GET /api/dashboard 200 in 512ms (next.js: 13ms, application-code: 499ms)
 GET /api/dashboard 200 in 331ms (next.js: 5ms, application-code: 326ms)
 GET /api/dashboard 200 in 3.3s (next.js: 5ms, application-code: 3.3s)
 GET /api/dashboard 200 in 2.5s (next.js: 4ms, application-code: 2.5s)
 GET /api/dashboard 200 in 3.0s (next.js: 5ms, application-code: 3.0s)
 GET /api/dashboard 200 in 3.0s (next.js: 3ms, application-code: 3.0s)
 GET /api/dashboard 200 in 3.2s (next.js: 3ms, application-code: 3.2s)
 GET /api/dashboard 200 in 3.5s (next.js: 5ms, application-code: 3.5s)
 GET /api/dashboard 200 in 3.8s (next.js: 6ms, application-code: 3.8s)
 GET /api/dashboard 200 in 551ms (next.js: 6ms, application-code: 545ms)
 GET /api/dashboard 200 in 1165ms (next.js: 6ms, application-code: 1159ms)
 GET /api/dashboard 200 in 1750ms (next.js: 9ms, application-code: 1741ms)
 GET /api/dashboard 200 in 1321ms (next.js: 5ms, application-code: 1317ms)
 GET /api/dashboard 200 in 2.2s (next.js: 6ms, application-code: 2.2s)
 GET /api/dashboard 200 in 566ms (next.js: 7ms, application-code: 559ms)
 GET /api/dashboard 200 in 437ms (next.js: 6ms, application-code: 431ms)
 GET /api/dashboard 200 in 486ms (next.js: 6ms, application-code: 480ms)
 GET /api/dashboard 200 in 316ms (next.js: 5ms, application-code: 311ms)
 GET /api/dashboard 200 in 252ms (next.js: 5ms, application-code: 247ms)
 GET /api/dashboard 200 in 4.3s (next.js: 9ms, application-code: 4.3s)
 GET /api/dashboard 200 in 618ms (next.js: 5ms, application-code: 613ms)
 GET /api/dashboard 200 in 271ms (next.js: 8ms, application-code: 263ms)
 GET /api/dashboard 200 in 2.3s (next.js: 4ms, application-code: 2.3s)
 GET /api/dashboard 200 in 2.2s (next.js: 12ms, application-code: 2.2s)
 GET /api/dashboard 200 in 843ms (next.js: 9ms, application-code: 835ms)
 GET /api/dashboard 200 in 532ms (next.js: 4ms, application-code: 528ms)
 GET /api/dashboard 200 in 380ms (next.js: 6ms, application-code: 374ms)
 GET /api/dashboard 200 in 238ms (next.js: 7ms, application-code: 231ms)
 GET /api/dashboard 200 in 334ms (next.js: 17ms, application-code: 316ms)
 GET /api/dashboard 200 in 269ms (next.js: 7ms, application-code: 262ms)
 GET /api/dashboard 200 in 574ms (next.js: 4ms, application-code: 569ms)
 GET /api/dashboard 200 in 272ms (next.js: 9ms, application-code: 263ms)
 GET /api/dashboard 200 in 477ms (next.js: 5ms, application-code: 472ms)
 GET /api/dashboard 200 in 851ms (next.js: 5ms, application-code: 845ms)
 GET /api/dashboard 200 in 361ms (next.js: 5ms, application-code: 356ms)
 GET /api/dashboard 200 in 260ms (next.js: 4ms, application-code: 256ms)
 GET /api/dashboard 200 in 245ms (next.js: 4ms, application-code: 241ms)
 GET /api/dashboard 200 in 280ms (next.js: 5ms, application-code: 274ms)
 GET /api/dashboard 200 in 262ms (next.js: 5ms, application-code: 257ms)
 GET /api/dashboard 200 in 266ms (next.js: 6ms, application-code: 260ms)
 GET /api/dashboard 200 in 390ms (next.js: 4ms, application-code: 386ms)
 GET /api/dashboard 200 in 319ms (next.js: 4ms, application-code: 315ms)
 GET /api/dashboard 200 in 486ms (next.js: 4ms, application-code: 482ms)
 GET /api/dashboard 200 in 253ms (next.js: 5ms, application-code: 248ms)
 GET /api/dashboard 200 in 537ms (next.js: 4ms, application-code: 533ms)
 GET /api/dashboard 200 in 306ms (next.js: 4ms, application-code: 302ms)
 GET /api/dashboard 200 in 414ms (next.js: 4ms, application-code: 410ms)
 GET /api/dashboard 200 in 316ms (next.js: 5ms, application-code: 311ms)
 GET /api/dashboard 200 in 405ms (next.js: 4ms, application-code: 401ms)
 GET /api/dashboard 200 in 250ms (next.js: 6ms, application-code: 244ms)
 GET /api/dashboard 200 in 285ms (next.js: 6ms, application-code: 279ms)
 GET /api/dashboard 200 in 401ms (next.js: 5ms, application-code: 396ms)
 GET /api/dashboard 200 in 327ms (next.js: 4ms, application-code: 323ms)
 GET /api/dashboard 200 in 257ms (next.js: 3ms, application-code: 254ms)
 GET /api/dashboard 200 in 403ms (next.js: 4ms, application-code: 400ms)
 GET /api/dashboard 200 in 246ms (next.js: 3ms, application-code: 242ms)
 GET /api/dashboard 200 in 724ms (next.js: 6ms, application-code: 718ms)
 GET /api/dashboard 200 in 658ms (next.js: 5ms, application-code: 654ms)
 GET /api/dashboard 200 in 599ms (next.js: 5ms, application-code: 594ms)
 GET /api/dashboard 200 in 426ms (next.js: 5ms, application-code: 421ms)
 GET /api/dashboard 200 in 291ms (next.js: 4ms, application-code: 287ms)
 GET /api/dashboard 200 in 293ms (next.js: 5ms, application-code: 288ms)
 GET /api/dashboard 200 in 247ms (next.js: 4ms, application-code: 244ms)
 GET /api/dashboard 200 in 445ms (next.js: 3ms, application-code: 442ms)
 GET /api/dashboard 200 in 262ms (next.js: 10ms, application-code: 252ms)
 GET /api/dashboard 200 in 1284ms (next.js: 8ms, application-code: 1276ms)
 GET /api/dashboard 200 in 859ms (next.js: 4ms, application-code: 854ms)
 GET /api/dashboard 200 in 367ms (next.js: 5ms, application-code: 363ms)
 GET /api/dashboard 200 in 621ms (next.js: 5ms, application-code: 617ms)
 GET /api/dashboard 200 in 266ms (next.js: 9ms, application-code: 257ms)
 GET /api/dashboard 200 in 956ms (next.js: 7ms, application-code: 950ms)
 GET /api/dashboard 200 in 302ms (next.js: 5ms, application-code: 297ms)
 GET /api/realtime 200 in 13.1min (next.js: 39ms, application-code: 13.1min)
 GET /manifest.webmanifest 200 in 374ms (next.js: 41ms, application-code: 334ms)
 GET /en/dashboard 200 in 2.2s (next.js: 49ms, proxy.ts: 64ms, application-code: 2.1s)
 GET /icon 200 in 281ms (proxy.ts: 106ms)
 GET /api/dashboard 200 in 714ms (next.js: 51ms, application-code: 663ms)
 GET /manifest.json 200 in 3.5s (next.js: 419ms, application-code: 3.1s)
 GET /en/login 404 in 3.6s (next.js: 2.5s, proxy.ts: 69ms, application-code: 1109ms)
 GET /api/dashboard 200 in 885ms (next.js: 359ms, application-code: 526ms)
 GET /api/dashboard 200 in 705ms (next.js: 48ms, application-code: 657ms)
 GET /api/dashboard 200 in 703ms (next.js: 180ms, application-code: 523ms)
 GET /api/dashboard 200 in 513ms (next.js: 5ms, application-code: 508ms)
 GET /api/dashboard 200 in 630ms (next.js: 10ms, application-code: 620ms)
 GET /id/dashboard 200 in 348ms (next.js: 40ms, proxy.ts: 51ms, application-code: 257ms)
[browser] Detected `scroll-behavior: smooth` on the `<html>` element. To disable smooth scrolling during route transitions, add `data-scroll-behavior="smooth"` to your <html> element. Learn more: https://nextjs.org/docs/messages/missing-data-scroll-behavior
 GET /manifest.webmanifest 200 in 41ms (next.js: 29ms, application-code: 12ms)
 GET /icon 200 in 24ms (proxy.ts: 6ms)
 GET /api/dashboard 200 in 1019ms (next.js: 4ms, application-code: 1015ms)
 GET /api/dashboard 200 in 234ms (next.js: 5ms, application-code: 229ms)
 GET /api/dashboard 200 in 232ms (next.js: 6ms, application-code: 226ms)
 GET /api/dashboard 200 in 444ms (next.js: 5ms, application-code: 439ms)
 GET /api/dashboard 200 in 248ms (next.js: 12ms, application-code: 237ms)
 GET /api/dashboard 200 in 268ms (next.js: 11ms, application-code: 257ms)
 GET /zh/dashboard 200 in 171ms (next.js: 33ms, proxy.ts: 25ms, application-code: 114ms)
 GET /manifest.webmanifest 200 in 25ms (next.js: 5ms, application-code: 20ms)
 GET /api/dashboard 200 in 376ms (next.js: 12ms, application-code: 364ms)
 GET /icon 200 in 57ms (proxy.ts: 28ms)
 GET /api/dashboard 200 in 367ms (next.js: 39ms, application-code: 329ms)
 GET /api/dashboard 200 in 642ms (next.js: 9ms, application-code: 634ms)
 GET /api/dashboard 200 in 281ms (next.js: 6ms, application-code: 275ms)
 GET /api/dashboard 200 in 372ms (next.js: 18ms, application-code: 354ms)
 GET /api/dashboard 200 in 404ms (next.js: 29ms, application-code: 375ms)
 GET /ja/dashboard 200 in 459ms (next.js: 173ms, proxy.ts: 19ms, application-code: 267ms)
 GET /manifest.webmanifest 200 in 18ms (next.js: 5ms, application-code: 13ms)
 GET /api/dashboard 200 in 308ms (next.js: 6ms, application-code: 302ms)
 GET /icon 200 in 59ms (proxy.ts: 22ms)
 GET /api/dashboard 200 in 257ms (next.js: 6ms, application-code: 251ms)
 GET /api/dashboard 200 in 250ms (next.js: 5ms, application-code: 245ms)
 GET /api/dashboard 200 in 247ms (next.js: 12ms, application-code: 236ms)
 GET /api/dashboard 200 in 264ms (next.js: 4ms, application-code: 260ms)
 GET /api/dashboard 200 in 305ms (next.js: 23ms, application-code: 282ms)
 GET /en/dashboard 200 in 194ms (next.js: 33ms, proxy.ts: 26ms, application-code: 135ms)
 GET /manifest.webmanifest 200 in 24ms (next.js: 7ms, application-code: 18ms)
 GET /icon 200 in 34ms (proxy.ts: 5ms)
 GET /api/dashboard 200 in 320ms (next.js: 4ms, application-code: 315ms)
 GET /api/dashboard 200 in 369ms (next.js: 6ms, application-code: 363ms)
 GET /api/dashboard 200 in 288ms (next.js: 13ms, application-code: 275ms)
 GET /api/dashboard 200 in 554ms (next.js: 6ms, application-code: 548ms)
 GET /api/dashboard 200 in 287ms (next.js: 47ms, application-code: 240ms)
 GET /api/dashboard 200 in 503ms (next.js: 182ms, application-code: 321ms)
 GET /zh/dashboard 200 in 197ms (next.js: 43ms, proxy.ts: 26ms, application-code: 127ms)
 GET /manifest.webmanifest 200 in 111ms (next.js: 45ms, application-code: 66ms)
 GET /api/dashboard 200 in 878ms (next.js: 82ms, application-code: 795ms)
 GET /icon 200 in 531ms (proxy.ts: 463ms)
 GET /api/dashboard 200 in 459ms (next.js: 74ms, application-code: 385ms)
 GET /api/dashboard 200 in 338ms (next.js: 4ms, application-code: 334ms)
 GET /api/dashboard 200 in 302ms (next.js: 6ms, application-code: 296ms)
 GET /api/dashboard 200 in 388ms (next.js: 6ms, application-code: 383ms)
 GET /api/dashboard 200 in 313ms (next.js: 6ms, application-code: 306ms)
 GET /api/dashboard 200 in 256ms (next.js: 10ms, application-code: 246ms)
 GET /api/dashboard 200 in 224ms (next.js: 7ms, application-code: 217ms)
 GET /api/dashboard 200 in 431ms (next.js: 17ms, application-code: 414ms)
 GET /api/dashboard 200 in 401ms (next.js: 12ms, application-code: 389ms)
 GET /api/dashboard 200 in 294ms (next.js: 10ms, application-code: 284ms)
 GET /api/dashboard 200 in 294ms (next.js: 12ms, application-code: 282ms)
 GET /api/dashboard 200 in 594ms (next.js: 88ms, application-code: 507ms)
 GET /api/dashboard 200 in 284ms (next.js: 12ms, application-code: 272ms)
 GET /api/dashboard 200 in 824ms (next.js: 19ms, application-code: 805ms)
 GET /api/dashboard 200 in 518ms (next.js: 49ms, application-code: 469ms)
 GET /api/dashboard 200 in 411ms (next.js: 14ms, application-code: 397ms)
 GET /api/dashboard 200 in 505ms (next.js: 64ms, application-code: 440ms)
 GET /api/dashboard 200 in 679ms (next.js: 13ms, application-code: 666ms)
 GET /api/dashboard 200 in 323ms (next.js: 8ms, application-code: 315ms)
 GET /api/dashboard 200 in 356ms (next.js: 9ms, application-code: 347ms)
✓ Compiled in 2.6s
 GET /api/realtime 200 in 2.9min (next.js: 85ms, application-code: 2.9min)
 GET /api/realtime 200 in 16.0min (next.js: 18ms, application-code: 16.0min)
 GET /id/profile 200 in 7.4s (next.js: 1160ms, proxy.ts: 30ms, application-code: 6.2s)
 GET /zh/dashboard 200 in 8.0s (next.js: 518ms, proxy.ts: 465ms, application-code: 7.0s)
 GET /manifest.webmanifest 200 in 480ms (next.js: 453ms, application-code: 28ms)
TypeError: Invalid state: Controller is already closed
    at Timeout.sendData (src\app\api\realtime\route.ts:28:22)
  26 |         } catch (error) {
  27 |           const message = `data: ${JSON.stringify({ error: "Failed to fetch data", timesta...
> 28 |           controller.enqueue(encoder.encode(message));
     |                      ^
  29 |         }
  30 |       };
  31 | {
  code: 'ERR_INVALID_STATE'
}
⨯ unhandledRejection: TypeError: Invalid state: Controller is already closed
    at Timeout.sendData (src\app\api\realtime\route.ts:28:22)
  26 |         } catch (error) {
  27 |           const message = `data: ${JSON.stringify({ error: "Failed to fetch data", timesta...
> 28 |           controller.enqueue(encoder.encode(message));
     |                      ^
  29 |         }
  30 |       };
  31 | {
  code: 'ERR_INVALID_STATE'
}
⨯ unhandledRejection:  TypeError: Invalid state: Controller is already closed
    at Timeout.sendData (src\app\api\realtime\route.ts:28:22)
  26 |         } catch (error) {
  27 |           const message = `data: ${JSON.stringify({ error: "Failed to fetch data", timesta...
> 28 |           controller.enqueue(encoder.encode(message));
     |                      ^
  29 |         }
  30 |       };
  31 | {
  code: 'ERR_INVALID_STATE'
}
 GET /zh/dashboard 200 in 8.7s (next.js: 808ms, proxy.ts: 30ms, application-code: 7.9s)
 GET /id/profile 200 in 8.2s (next.js: 4.7s, proxy.ts: 62ms, application-code: 3.5s)
 GET /api/dashboard 200 in 2.9s (next.js: 842ms, application-code: 2.0s)
 GET /icon?56e3a09cef2a0cb7 200 in 3.8s (proxy.ts: 424ms)
 GET /icon 200 in 3.5s (proxy.ts: 1160ms)
 GET /api/dashboard 200 in 2.2s (next.js: 91ms, application-code: 2.2s)
 GET /manifest.json 200 in 2.2s (next.js: 432ms, application-code: 1749ms)
 GET /en/login 404 in 2.6s (next.js: 1737ms, proxy.ts: 360ms, application-code: 485ms)
 GET /api/dashboard 200 in 536ms (next.js: 21ms, application-code: 515ms)
 GET /api/dashboard 200 in 392ms (next.js: 24ms, application-code: 367ms)
 GET /api/dashboard 200 in 553ms (next.js: 58ms, application-code: 496ms)
 GET /api/dashboard 200 in 372ms (next.js: 47ms, application-code: 325ms)
 GET /icon?56e3a09cef2a0cb7 200 in 34ms (proxy.ts: 21ms)
 GET /api/profile 200 in 738ms (next.js: 184ms, application-code: 554ms)
 GET /manifest.json 200 in 580ms (next.js: 39ms, application-code: 541ms)
 GET /en/login 404 in 621ms (next.js: 343ms, proxy.ts: 24ms, application-code: 255ms)
 GET /api/profile 200 in 246ms (next.js: 25ms, application-code: 221ms)
 GET /api/profile 200 in 135ms (next.js: 8ms, application-code: 128ms)
 GET /api/dashboard 200 in 291ms (next.js: 6ms, application-code: 285ms)
 GET /api/dashboard 200 in 261ms (next.js: 8ms, application-code: 253ms)
 GET /api/dashboard 200 in 292ms (next.js: 5ms, application-code: 288ms)
 GET /api/dashboard 200 in 422ms (next.js: 90ms, application-code: 332ms)
 GET /api/dashboard 200 in 364ms (next.js: 5ms, application-code: 358ms)
 GET /api/dashboard 200 in 281ms (next.js: 9ms, application-code: 272ms)
 GET /api/dashboard 200 in 335ms (next.js: 21ms, application-code: 314ms)
 GET /api/dashboard 200 in 428ms (next.js: 11ms, application-code: 417ms)
 GET /api/dashboard 200 in 524ms (next.js: 56ms, application-code: 468ms)
 GET /api/dashboard 200 in 253ms (next.js: 8ms, application-code: 245ms)
 GET /api/dashboard 200 in 276ms (next.js: 6ms, application-code: 270ms)
 GET /api/dashboard 200 in 420ms (next.js: 7ms, application-code: 413ms)
 GET /api/dashboard 200 in 278ms (next.js: 9ms, application-code: 269ms)
 GET /api/dashboard 200 in 494ms (next.js: 24ms, application-code: 470ms)
 GET /api/dashboard 200 in 402ms (next.js: 82ms, application-code: 321ms)
 GET /api/dashboard 200 in 440ms (next.js: 15ms, application-code: 425ms)
 GET /api/dashboard 200 in 336ms (next.js: 24ms, application-code: 311ms)
 GET /api/dashboard 200 in 269ms (next.js: 5ms, application-code: 264ms)
 GET /api/dashboard 200 in 362ms (next.js: 23ms, application-code: 339ms)
 GET /api/dashboard 200 in 294ms (next.js: 8ms, application-code: 286ms)
 GET /api/dashboard 200 in 577ms (next.js: 118ms, application-code: 459ms)
 GET /api/dashboard 200 in 271ms (next.js: 7ms, application-code: 265ms)
 GET /api/dashboard 200 in 320ms (next.js: 5ms, application-code: 316ms)
 GET /api/dashboard 200 in 529ms (next.js: 109ms, application-code: 420ms)
 GET /api/dashboard 200 in 222ms (next.js: 7ms, application-code: 215ms)
 GET /api/dashboard 200 in 214ms (next.js: 4ms, application-code: 211ms)
 GET /api/dashboard 200 in 216ms (next.js: 3ms, application-code: 213ms)
 GET /api/dashboard 200 in 275ms (next.js: 4ms, application-code: 272ms)
 GET /api/dashboard 200 in 281ms (next.js: 3ms, application-code: 278ms)
 GET /api/dashboard 200 in 221ms (next.js: 4ms, application-code: 217ms)
 GET /api/dashboard 200 in 382ms (next.js: 5ms, application-code: 377ms)
 GET /api/dashboard 200 in 874ms (next.js: 22ms, application-code: 852ms)
 GET /api/dashboard 200 in 258ms (next.js: 4ms, application-code: 255ms)
 GET /api/dashboard 200 in 414ms (next.js: 4ms, application-code: 410ms)
 GET /api/dashboard 200 in 768ms (next.js: 7ms, application-code: 762ms)
 GET /api/dashboard 200 in 1172ms (next.js: 5ms, application-code: 1168ms)
 GET /api/dashboard 200 in 5.2s (next.js: 3ms, application-code: 5.2s)
 GET /api/dashboard 200 in 835ms (next.js: 3ms, application-code: 831ms)
 GET /api/dashboard 200 in 1195ms (next.js: 4ms, application-code: 1191ms)
 GET /api/dashboard 200 in 531ms (next.js: 5ms, application-code: 526ms)
 GET /api/dashboard 200 in 1018ms (next.js: 4ms, application-code: 1014ms)
 GET /api/dashboard 200 in 515ms (next.js: 5ms, application-code: 509ms)
 GET /api/dashboard 200 in 784ms (next.js: 5ms, application-code: 779ms)
 GET /api/dashboard 200 in 596ms (next.js: 4ms, application-code: 592ms)
 GET /api/dashboard 200 in 853ms (next.js: 6ms, application-code: 847ms)
 GET /api/dashboard 200 in 867ms (next.js: 4ms, application-code: 863ms)
 GET /api/dashboard 200 in 742ms (next.js: 7ms, application-code: 735ms)
 GET /api/dashboard 200 in 894ms (next.js: 4ms, application-code: 889ms)
 GET /api/dashboard 200 in 2.1s (next.js: 3ms, application-code: 2.1s)
 GET /api/dashboard 200 in 551ms (next.js: 5ms, application-code: 546ms)
 GET /api/dashboard 200 in 443ms (next.js: 5ms, application-code: 438ms)
 GET /api/dashboard 200 in 952ms (next.js: 4ms, application-code: 947ms)
 GET /api/dashboard 200 in 433ms (next.js: 5ms, application-code: 427ms)
 GET /api/dashboard 200 in 1078ms (next.js: 4ms, application-code: 1074ms)
 GET /api/dashboard 200 in 647ms (next.js: 5ms, application-code: 642ms)
 GET /api/dashboard 200 in 660ms (next.js: 11ms, application-code: 650ms)
 GET /api/dashboard 200 in 722ms (next.js: 5ms, application-code: 717ms)
 GET /api/dashboard 200 in 466ms (next.js: 6ms, application-code: 460ms)
 GET /api/dashboard 200 in 665ms (next.js: 4ms, application-code: 661ms)
 GET /api/dashboard 200 in 520ms (next.js: 5ms, application-code: 515ms)
 GET /api/dashboard 200 in 662ms (next.js: 5ms, application-code: 657ms)
 GET /api/dashboard 200 in 568ms (next.js: 4ms, application-code: 564ms)
 GET /api/dashboard 200 in 1011ms (next.js: 6ms, application-code: 1005ms)
 GET /api/dashboard 200 in 841ms (next.js: 9ms, application-code: 832ms)
 GET /api/dashboard 200 in 1584ms (next.js: 4ms, application-code: 1580ms)
 GET /api/dashboard 200 in 735ms (next.js: 8ms, application-code: 726ms)
 GET /api/dashboard 200 in 807ms (next.js: 5ms, application-code: 802ms)
 GET /api/dashboard 200 in 563ms (next.js: 6ms, application-code: 557ms)
 GET /api/dashboard 200 in 558ms (next.js: 6ms, application-code: 552ms)
 GET /api/dashboard 200 in 1136ms (next.js: 4ms, application-code: 1132ms)
 GET /api/dashboard 200 in 623ms (next.js: 7ms, application-code: 616ms)
 GET /api/dashboard 200 in 307ms (next.js: 4ms, application-code: 303ms)
 GET /api/dashboard 200 in 560ms (next.js: 4ms, application-code: 556ms)
 GET /api/dashboard 200 in 275ms (next.js: 4ms, application-code: 270ms)
 GET /api/dashboard 200 in 243ms (next.js: 4ms, application-code: 239ms)
 GET /api/dashboard 200 in 278ms (next.js: 15ms, application-code: 263ms)
 GET /api/dashboard 200 in 196ms (next.js: 5ms, application-code: 191ms)
 GET /api/dashboard 200 in 376ms (next.js: 6ms, application-code: 370ms)
 GET /api/dashboard 200 in 707ms (next.js: 7ms, application-code: 700ms)
 GET /api/dashboard 200 in 742ms (next.js: 3ms, application-code: 739ms)
 GET /api/dashboard 200 in 574ms (next.js: 201ms, application-code: 373ms)
 GET /api/dashboard 200 in 253ms (next.js: 9ms, application-code: 244ms)
 GET /api/dashboard 200 in 538ms (next.js: 81ms, application-code: 457ms)
✓ Compiled in 608ms
 GET /zh/dashboard 200 in 837ms (next.js: 419ms, proxy.ts: 237ms, application-code: 182ms)
 GET /manifest.webmanifest 200 in 146ms (next.js: 111ms, application-code: 36ms)
 GET /icon?56e3a09cef2a0cb7 200 in 1043ms (proxy.ts: 58ms)
 GET /icon 200 in 810ms (proxy.ts: 11ms)
 GET /icon?56e3a09cef2a0cb7 200 in 34ms (proxy.ts: 10ms)
 GET /api/dashboard 200 in 805ms (next.js: 243ms, application-code: 562ms)
 GET /api/dashboard 200 in 317ms (next.js: 15ms, application-code: 302ms)
 GET /api/dashboard 200 in 2.2s (next.js: 5ms, application-code: 2.1s)
 GET /api/dashboard 200 in 1813ms (next.js: 64ms, application-code: 1749ms)
 GET /api/dashboard 200 in 579ms (next.js: 24ms, application-code: 556ms)
 GET /api/dashboard 200 in 1898ms (next.js: 8ms, application-code: 1889ms)
 GET /api/dashboard 200 in 3.2s (next.js: 185ms, application-code: 3.0s)
 GET /api/dashboard 200 in 3.3s (next.js: 69ms, application-code: 3.2s)
 GET /api/dashboard 200 in 578ms (next.js: 6ms, application-code: 572ms)
 GET /api/dashboard 200 in 4.0s (next.js: 78ms, application-code: 3.9s)
 GET /api/dashboard 200 in 3.0s (next.js: 9ms, application-code: 3.0s)
 GET /api/dashboard 200 in 1467ms (next.js: 7ms, application-code: 1460ms)
 GET /api/dashboard 200 in 1838ms (next.js: 8ms, application-code: 1830ms)
 GET /api/dashboard 200 in 264ms (next.js: 10ms, application-code: 253ms)
 GET /api/dashboard 200 in 257ms (next.js: 10ms, application-code: 247ms)
 GET /api/dashboard 200 in 2.3s (next.js: 46ms, application-code: 2.3s)
 GET /api/dashboard 200 in 1998ms (next.js: 12ms, application-code: 1986ms)
 GET /api/dashboard 200 in 3.0s (next.js: 4ms, application-code: 3.0s)
 GET /api/dashboard 200 in 321ms (next.js: 8ms, application-code: 313ms)
 GET /api/dashboard 200 in 3.5s (next.js: 11ms, application-code: 3.5s)
 GET /api/dashboard 200 in 3.0s (next.js: 5ms, application-code: 3.0s)
 GET /api/dashboard 200 in 2.1s (next.js: 5ms, application-code: 2.1s)
 GET /api/dashboard 200 in 2.0s (next.js: 38ms, application-code: 1966ms)
 GET /api/dashboard 200 in 1198ms (next.js: 13ms, application-code: 1185ms)
 GET /api/dashboard 200 in 2.1s (next.js: 6ms, application-code: 2.1s)
 GET /api/dashboard 200 in 356ms (next.js: 10ms, application-code: 347ms)
 GET /api/dashboard 200 in 220ms (next.js: 15ms, application-code: 204ms)
 GET /api/dashboard 200 in 395ms (next.js: 18ms, application-code: 377ms)
 GET /api/dashboard 200 in 1323ms (next.js: 11ms, application-code: 1312ms)
 GET /api/dashboard 200 in 933ms (next.js: 5ms, application-code: 928ms)
 GET /api/dashboard 200 in 276ms (next.js: 10ms, application-code: 266ms)
 GET /api/dashboard 200 in 464ms (next.js: 33ms, application-code: 431ms)
 GET /api/dashboard 200 in 570ms (next.js: 3ms, application-code: 567ms)
 GET /id/profile 200 in 932ms (next.js: 618ms, proxy.ts: 28ms, application-code: 286ms)
 GET /icon?56e3a09cef2a0cb7 200 in 138ms (proxy.ts: 56ms)
 GET /icon?56e3a09cef2a0cb7 200 in 43ms (proxy.ts: 15ms)
 GET /api/dashboard 200 in 2.3s (next.js: 29ms, application-code: 2.3s)
 GET /api/realtime 200 in 11.8min (next.js: 8ms, application-code: 11.8min)
 GET /id/profile 200 in 2.4s (next.js: 88ms, proxy.ts: 48ms, application-code: 2.3s)
 GET /icon?56e3a09cef2a0cb7 200 in 36ms (proxy.ts: 12ms)
 GET /manifest.json 200 in 885ms (next.js: 68ms, application-code: 818ms)
 GET /en/login 404 in 1023ms (next.js: 746ms, proxy.ts: 120ms, application-code: 156ms)
 GET /api/profile 200 in 1249ms (next.js: 116ms, application-code: 1133ms)
 GET /api/profile 200 in 259ms (next.js: 11ms, application-code: 247ms)
 GET /api/profile 200 in 326ms (next.js: 15ms, application-code: 311ms)
 GET /api/dashboard 200 in 482ms (next.js: 12ms, application-code: 470ms)
 GET /api/dashboard 200 in 564ms (next.js: 80ms, application-code: 485ms)
 GET /api/dashboard 200 in 321ms (next.js: 35ms, application-code: 286ms)
 GET /zh/profile 200 in 279ms (next.js: 85ms, proxy.ts: 29ms, application-code: 165ms)
[browser] Detected `scroll-behavior: smooth` on the `<html>` element. To disable smooth scrolling during route transitions, add `data-scroll-behavior="smooth"` to your <html> element. Learn more: https://nextjs.org/docs/messages/missing-data-scroll-behavior
 GET /api/profile 200 in 1016ms (next.js: 15ms, application-code: 1000ms)
 GET /api/profile 200 in 858ms (next.js: 18ms, application-code: 840ms)
 GET /api/profile 200 in 801ms (next.js: 10ms, application-code: 791ms)
 GET /api/profile 200 in 1358ms (next.js: 13ms, application-code: 1344ms)
 GET /ja/profile 200 in 268ms (next.js: 66ms, proxy.ts: 16ms, application-code: 186ms)
 GET /api/profile 200 in 939ms (next.js: 20ms, application-code: 920ms)
 GET /api/profile 200 in 1307ms (next.js: 125ms, application-code: 1182ms)
 GET /api/profile 200 in 191ms (next.js: 8ms, application-code: 184ms)
 GET /api/profile 200 in 446ms (next.js: 8ms, application-code: 438ms)
 GET /api/dashboard 200 in 421ms (next.js: 27ms, application-code: 395ms)
 GET /api/dashboard 200 in 1449ms (next.js: 9ms, application-code: 1440ms)
 GET /id/profile 200 in 291ms (next.js: 44ms, proxy.ts: 34ms, application-code: 213ms)
 GET /api/profile 200 in 1473ms (next.js: 25ms, application-code: 1448ms)
 GET /api/profile 200 in 297ms (next.js: 11ms, application-code: 285ms)
 GET /api/profile 200 in 236ms (next.js: 8ms, application-code: 227ms)
 GET /api/profile 200 in 193ms (next.js: 7ms, application-code: 186ms)
 GET /api/dashboard 200 in 581ms (next.js: 63ms, application-code: 518ms)
 GET /id/profile 200 in 1142ms (next.js: 401ms, proxy.ts: 250ms, application-code: 492ms)
 GET /zh/dashboard 200 in 1075ms (next.js: 694ms, proxy.ts: 22ms, application-code: 359ms)
 GET /icon?56e3a09cef2a0cb7 200 in 244ms (proxy.ts: 12ms)
 GET /manifest.webmanifest 200 in 280ms (next.js: 233ms, application-code: 47ms)
 GET /icon?56e3a09cef2a0cb7 200 in 314ms (proxy.ts: 13ms)
 GET /icon 200 in 254ms (proxy.ts: 106ms)
 GET /api/dashboard 200 in 636ms (next.js: 318ms, application-code: 318ms)
 GET /api/dashboard 200 in 526ms (next.js: 57ms, application-code: 469ms)
 GET /id/settings 200 in 726ms (next.js: 596ms, proxy.ts: 10ms, application-code: 120ms)
 GET /icon?56e3a09cef2a0cb7 200 in 69ms (proxy.ts: 32ms)
 GET /api/dashboard 200 in 313ms (next.js: 12ms, application-code: 301ms)
 GET /api/realtime 200 in 55s (next.js: 84ms, application-code: 55s)
 GET /id/settings 200 in 1655ms (next.js: 28ms, proxy.ts: 23ms, application-code: 1604ms)
 GET /icon?56e3a09cef2a0cb7 200 in 630ms (proxy.ts: 177ms)
✓ Compiled in 0ms
 GET /api/dashboard 200 in 3.1s (next.js: 18ms, application-code: 3.0s)
 GET /manifest.json 200 in 2.6s (next.js: 109ms, application-code: 2.5s)
 GET /en/login 404 in 2.8s (next.js: 1947ms, proxy.ts: 178ms, application-code: 647ms)
 GET /id/settings 200 in 892ms (next.js: 278ms, proxy.ts: 192ms, application-code: 422ms)
 GET /api/realtime 200 in 3.9s (next.js: 122ms, application-code: 3.8s)
 GET /zh/dashboard 200 in 1378ms (next.js: 432ms, proxy.ts: 194ms, application-code: 752ms)
[browser] Uncaught ReferenceError: cn is not defined
    at eval (src/app/[locale]/(dashboard)/settings/page.tsx:80:32)
    at Array.map (<anonymous>)
    at SettingsPage (src/app/[locale]/(dashboard)/settings/page.tsx:74:17)
  78 |                     key={key}
  79 |                     onClick={() => setTheme(key)}
> 80 |                     className={cn(
     |                                ^
  81 |                       "relative p-4 rounded-xl border-2 transition-all duration-200 text-c...
  82 |                       isSelected
  83 |                         ? "border-indigo-500 bg-indigo-50 dark:bg-indigo-900/20 shadow-sm"
 GET /manifest.webmanifest 200 in 264ms (next.js: 244ms, application-code: 20ms)
 GET /icon?56e3a09cef2a0cb7 200 in 571ms (proxy.ts: 281ms)
 GET /icon 200 in 277ms (proxy.ts: 24ms)
 GET /icon?56e3a09cef2a0cb7 200 in 35ms (proxy.ts: 12ms)
 GET /api/dashboard 200 in 1975ms (next.js: 165ms, application-code: 1810ms)
 GET /api/dashboard 200 in 4.5s (next.js: 9ms, application-code: 4.5s)
 GET /api/dashboard 200 in 387ms (next.js: 3ms, application-code: 384ms)
✓ Compiled in 396ms
⚠ Fast Refresh had to perform a full reload due to a runtime error.
[browser] Encountered a script tag while rendering React component. Scripts inside React components are never executed when rendering on the client. Consider using template tag instead (https://developer.mozilla.org/en-US/docs/Web/HTML/Element/template). 
    at Set.forEach (<anonymous>) (<anonymous>)
[browser] Uncaught ReferenceError: cn is not defined
    at eval (src/app/[locale]/(dashboard)/settings/page.tsx:80:32)
    at Array.map (<anonymous>)
    at SettingsPage (src/app/[locale]/(dashboard)/settings/page.tsx:74:17)
    at Set.forEach (<anonymous>)
  78 |                     key={key}
  79 |                     onClick={() => setTheme(key)}
> 80 |                     className={cn(
     |                                ^
  81 |                       "relative p-4 rounded-xl border-2 transition-all duration-200 text-c...
  82 |                       isSelected
  83 |                         ? "border-indigo-500 bg-indigo-50 dark:bg-indigo-900/20 shadow-sm"
 GET /icon?56e3a09cef2a0cb7 200 in 3.4s (proxy.ts: 400ms)
 GET /manifest.json 200 in 3.2s (next.js: 980ms, application-code: 2.2s)
 GET /en/login 404 in 3.5s (next.js: 2.5s, proxy.ts: 177ms, application-code: 797ms)
 GET /zh/dashboard 200 in 4.2s (next.js: 651ms, proxy.ts: 499ms, application-code: 3.1s)
 GET /id/settings 200 in 4.3s (next.js: 1144ms, proxy.ts: 490ms, application-code: 2.6s)
 GET /zh/dashboard 200 in 1152ms (next.js: 507ms, proxy.ts: 397ms, application-code: 248ms)
 GET /icon?56e3a09cef2a0cb7 200 in 44ms (proxy.ts: 12ms)
[browser] Uncaught ReferenceError: cn is not defined
    at <unknown> (src/app/[locale]/(dashboard)/settings/page.tsx:80:32)
    at Array.map (<anonymous>)
    at SettingsPage (src/app/[locale]/(dashboard)/settings/page.tsx:74:17)
  78 |                     key={key}
  79 |                     onClick={() => setTheme(key)}
> 80 |                     className={cn(
     |                                ^
  81 |                       "relative p-4 rounded-xl border-2 transition-all duration-200 text-c...
  82 |                       isSelected
  83 |                         ? "border-indigo-500 bg-indigo-50 dark:bg-indigo-900/20 shadow-sm"
 GET /manifest.json 200 in 470ms (next.js: 26ms, application-code: 444ms)
 GET /en/login 404 in 529ms (next.js: 352ms, proxy.ts: 41ms, application-code: 136ms)
 GET /icon?56e3a09cef2a0cb7 200 in 36ms (proxy.ts: 13ms)
 GET /manifest.webmanifest 200 in 172ms (next.js: 147ms, application-code: 25ms)
 GET /icon?56e3a09cef2a0cb7 200 in 214ms (proxy.ts: 18ms)
 GET /icon 200 in 26ms (proxy.ts: 6ms)
 GET /api/dashboard 200 in 2.4s (next.js: 181ms, application-code: 2.2s)
 GET /api/dashboard 200 in 357ms (next.js: 9ms, application-code: 348ms)
 GET /api/dashboard 200 in 406ms (next.js: 8ms, application-code: 398ms)
 GET /api/dashboard 200 in 600ms (next.js: 9ms, application-code: 591ms)
 GET /api/dashboard 200 in 623ms (next.js: 21ms, application-code: 602ms)
 GET /api/dashboard 200 in 1375ms (next.js: 130ms, application-code: 1246ms)
 GET /api/dashboard 200 in 1997ms (next.js: 23ms, application-code: 1974ms)
 GET /api/dashboard 200 in 3.0s (next.js: 11ms, application-code: 3.0s)
 GET /api/dashboard 200 in 1282ms (next.js: 24ms, application-code: 1259ms)
 GET /api/dashboard 200 in 454ms (next.js: 34ms, application-code: 421ms)
 GET /api/dashboard 200 in 3.0s (next.js: 35ms, application-code: 3.0s)
 GET /api/dashboard 200 in 1907ms (next.js: 14ms, application-code: 1893ms)
 GET /api/dashboard 200 in 2.5s (next.js: 190ms, application-code: 2.3s)
 GET /api/dashboard 200 in 252ms (next.js: 6ms, application-code: 246ms)
 GET /api/dashboard 200 in 472ms (next.js: 6ms, application-code: 466ms)
✓ Compiled in 471ms
⚠ Fast Refresh had to perform a full reload due to a runtime error.
 GET /zh/dashboard 200 in 2.2s (next.js: 440ms, proxy.ts: 274ms, application-code: 1451ms)
 GET /id/settings 200 in 1884ms (next.js: 830ms, proxy.ts: 20ms, application-code: 1035ms)
 GET /manifest.webmanifest 200 in 163ms (next.js: 140ms, application-code: 23ms)
 GET /icon?56e3a09cef2a0cb7 200 in 762ms (proxy.ts: 34ms)
 GET /icon?56e3a09cef2a0cb7 200 in 565ms (proxy.ts: 29ms)
 GET /icon 200 in 550ms (proxy.ts: 22ms)
 GET /icon?56e3a09cef2a0cb7 200 in 344ms (proxy.ts: 60ms)
 GET /en/login 404 in 1041ms (next.js: 745ms, proxy.ts: 26ms, application-code: 271ms)
 GET /manifest.json 200 in 1012ms (next.js: 72ms, application-code: 940ms)
 GET /api/dashboard 200 in 2.8s (next.js: 125ms, application-code: 2.7s)
 GET /api/dashboard 200 in 327ms (next.js: 12ms, application-code: 315ms)
 GET /api/dashboard 200 in 1689ms (next.js: 13ms, application-code: 1676ms)
 GET /api/dashboard 200 in 4.4s (next.js: 17ms, application-code: 4.4s)
 GET /api/dashboard 200 in 545ms (next.js: 30ms, application-code: 515ms)
 GET /api/dashboard 200 in 2.2s (next.js: 10ms, application-code: 2.2s)
 GET /api/dashboard 200 in 493ms (next.js: 18ms, application-code: 475ms)
 GET /api/dashboard 200 in 959ms (next.js: 41ms, application-code: 918ms)
 GET /api/dashboard 200 in 508ms (next.js: 35ms, application-code: 473ms)
 GET /api/dashboard 200 in 897ms (next.js: 29ms, application-code: 868ms)
 GET /api/dashboard 200 in 582ms (next.js: 150ms, application-code: 432ms)
 GET /api/dashboard 200 in 3.3s (next.js: 12ms, application-code: 3.2s)
 GET /api/dashboard 200 in 685ms (next.js: 80ms, application-code: 605ms)
 GET /api/dashboard 200 in 4.1s (next.js: 70ms, application-code: 4.0s)
 GET /api/dashboard 200 in 643ms (next.js: 56ms, application-code: 586ms)
 GET /api/dashboard 200 in 777ms (next.js: 346ms, application-code: 431ms)
 GET /api/dashboard 200 in 726ms (next.js: 41ms, application-code: 685ms)
 GET /api/dashboard 200 in 443ms (next.js: 28ms, application-code: 415ms)
 GET /api/dashboard 200 in 421ms (next.js: 12ms, application-code: 409ms)
 GET /api/dashboard 200 in 345ms (next.js: 13ms, application-code: 332ms)
 GET /api/dashboard 200 in 459ms (next.js: 9ms, application-code: 450ms)
 GET /api/dashboard 200 in 440ms (next.js: 17ms, application-code: 423ms)
 GET /api/dashboard 200 in 3.5s (next.js: 23ms, application-code: 3.5s)
 GET /api/dashboard 200 in 1150ms (next.js: 29ms, application-code: 1121ms)
 GET /api/dashboard 200 in 656ms (next.js: 67ms, application-code: 589ms)
 GET /api/dashboard 200 in 1298ms (next.js: 144ms, application-code: 1153ms)
 GET /api/dashboard 200 in 761ms (next.js: 11ms, application-code: 750ms)
 GET /api/dashboard 200 in 907ms (next.js: 275ms, application-code: 632ms)
 GET /api/dashboard 200 in 315ms (next.js: 14ms, application-code: 301ms)
 GET /api/dashboard 200 in 319ms (next.js: 30ms, application-code: 289ms)
 GET /api/dashboard 200 in 674ms (next.js: 225ms, application-code: 448ms)
 GET /en/dashboard 200 in 1929ms (next.js: 706ms, proxy.ts: 167ms, application-code: 1057ms)
 GET /api/realtime 200 in 18.0min (next.js: 242ms, application-code: 18.0min)
 GET /manifest.webmanifest 200 in 54ms (next.js: 40ms, application-code: 14ms)
 GET /icon 200 in 105ms (proxy.ts: 30ms)
 GET /api/dashboard 200 in 335ms (next.js: 7ms, application-code: 328ms)
 GET /api/dashboard 200 in 526ms (next.js: 7ms, application-code: 519ms)
 GET /manifest.json 200 in 861ms (next.js: 35ms, application-code: 826ms)
 GET /en/login 404 in 908ms (next.js: 360ms, proxy.ts: 18ms, application-code: 529ms)
 GET /api/dashboard 200 in 505ms (next.js: 88ms, application-code: 417ms)
 GET /api/dashboard 200 in 551ms (next.js: 91ms, application-code: 460ms)
 GET /api/dashboard 200 in 643ms (next.js: 76ms, application-code: 567ms)
 GET /api/dashboard 200 in 694ms (next.js: 149ms, application-code: 545ms)
 GET /api/dashboard 200 in 465ms (next.js: 81ms, application-code: 385ms)
 GET /api/dashboard 200 in 302ms (next.js: 28ms, application-code: 274ms)
 GET /api/dashboard 200 in 318ms (next.js: 28ms, application-code: 290ms)
 GET /api/dashboard 200 in 397ms (next.js: 27ms, application-code: 370ms)
 GET /id/dashboard 200 in 259ms (next.js: 95ms, proxy.ts: 59ms, application-code: 105ms)
 GET /api/dashboard 200 in 284ms (next.js: 8ms, application-code: 276ms)
[browser] Detected `scroll-behavior: smooth` on the `<html>` element. To disable smooth scrolling during route transitions, add `data-scroll-behavior="smooth"` to your <html> element. Learn more: https://nextjs.org/docs/messages/missing-data-scroll-behavior
 GET /manifest.webmanifest 200 in 21ms (next.js: 7ms, application-code: 14ms)
 GET /icon 200 in 30ms (proxy.ts: 7ms)
 GET /api/dashboard 200 in 374ms (next.js: 8ms, application-code: 366ms)
 GET /api/dashboard 200 in 383ms (next.js: 6ms, application-code: 376ms)
 GET /api/dashboard 200 in 370ms (next.js: 32ms, application-code: 339ms)
 GET /api/dashboard 200 in 433ms (next.js: 102ms, application-code: 332ms)
 GET /api/dashboard 200 in 509ms (next.js: 152ms, application-code: 357ms)
 GET /zh/dashboard 200 in 165ms (next.js: 38ms, proxy.ts: 16ms, application-code: 111ms)
 GET /api/dashboard 200 in 287ms (next.js: 13ms, application-code: 274ms)
 GET /manifest.webmanifest 200 in 21ms (next.js: 7ms, application-code: 14ms)
 GET /icon 200 in 26ms (proxy.ts: 6ms)
 GET /api/dashboard 200 in 367ms (next.js: 7ms, application-code: 360ms)
 GET /api/dashboard 200 in 478ms (next.js: 16ms, application-code: 462ms)
 GET /api/dashboard 200 in 391ms (next.js: 12ms, application-code: 379ms)
 GET /api/dashboard 200 in 565ms (next.js: 13ms, application-code: 552ms)
 GET /api/dashboard 200 in 354ms (next.js: 12ms, application-code: 342ms)
 GET /en/dashboard 200 in 497ms (next.js: 186ms, proxy.ts: 47ms, application-code: 264ms)
 GET /manifest.webmanifest 200 in 22ms (next.js: 7ms, application-code: 15ms)
 GET /icon 200 in 39ms (proxy.ts: 7ms)
 GET /api/dashboard 200 in 679ms (next.js: 7ms, application-code: 672ms)
 GET /api/dashboard 200 in 561ms (next.js: 20ms, application-code: 541ms)
 GET /api/dashboard 200 in 381ms (next.js: 13ms, application-code: 368ms)
 GET /api/dashboard 200 in 391ms (next.js: 28ms, application-code: 363ms)
 GET /api/dashboard 200 in 475ms (next.js: 10ms, application-code: 465ms)
 GET /api/dashboard 200 in 352ms (next.js: 32ms, application-code: 320ms)
 GET /api/dashboard 200 in 765ms (next.js: 12ms, application-code: 754ms)
 GET /api/dashboard 200 in 698ms (next.js: 76ms, application-code: 622ms)
 GET /api/dashboard 200 in 713ms (next.js: 18ms, application-code: 694ms)
 GET /api/dashboard 200 in 597ms (next.js: 11ms, application-code: 586ms)
 GET /api/dashboard 200 in 436ms (next.js: 87ms, application-code: 349ms)
 GET /api/dashboard 200 in 315ms (next.js: 15ms, application-code: 300ms)
 GET /api/dashboard 200 in 497ms (next.js: 33ms, application-code: 464ms)
 GET /api/dashboard 200 in 315ms (next.js: 32ms, application-code: 283ms)
 GET /api/dashboard 200 in 305ms (next.js: 9ms, application-code: 295ms)
 GET /api/dashboard 200 in 383ms (next.js: 19ms, application-code: 364ms)
 GET /api/dashboard 200 in 501ms (next.js: 24ms, application-code: 476ms)
 GET /api/dashboard 200 in 411ms (next.js: 14ms, application-code: 397ms)
 GET /api/dashboard 200 in 275ms (next.js: 15ms, application-code: 261ms)
 GET /api/dashboard 200 in 297ms (next.js: 12ms, application-code: 285ms)
 GET /api/dashboard 200 in 263ms (next.js: 11ms, application-code: 252ms)
 GET /api/dashboard 200 in 275ms (next.js: 16ms, application-code: 260ms)
 GET /api/dashboard 200 in 275ms (next.js: 16ms, application-code: 260ms)
 GET /api/dashboard 200 in 457ms (next.js: 20ms, application-code: 438ms)
 GET /api/dashboard 200 in 310ms (next.js: 15ms, application-code: 295ms)
 GET /api/dashboard 200 in 301ms (next.js: 8ms, application-code: 293ms)
 GET /api/dashboard 200 in 328ms (next.js: 12ms, application-code: 316ms)
 GET /api/dashboard 200 in 275ms (next.js: 16ms, application-code: 259ms)
 GET /api/dashboard 200 in 1757ms (next.js: 9ms, application-code: 1748ms)
 GET /api/dashboard 200 in 396ms (next.js: 8ms, application-code: 389ms)
 GET /api/dashboard 200 in 410ms (next.js: 7ms, application-code: 403ms)
 GET /api/dashboard 200 in 409ms (next.js: 10ms, application-code: 398ms)
 GET /api/dashboard 200 in 307ms (next.js: 14ms, application-code: 293ms)
 GET /api/dashboard 200 in 738ms (next.js: 9ms, application-code: 729ms)
 GET /api/dashboard 200 in 679ms (next.js: 10ms, application-code: 669ms)
✓ Compiled in 534ms
 GET /en/dashboard 200 in 1102ms (next.js: 559ms, proxy.ts: 386ms, application-code: 157ms)
 GET /id/settings 200 in 1162ms (next.js: 1007ms, proxy.ts: 19ms, application-code: 136ms)
 GET /manifest.webmanifest 200 in 221ms (next.js: 188ms, application-code: 33ms)
 GET /api/dashboard 200 in 613ms (next.js: 301ms, application-code: 312ms)
 GET /icon 200 in 1598ms (proxy.ts: 59ms)
 GET /icon?56e3a09cef2a0cb7 200 in 92ms (proxy.ts: 14ms)
 GET /icon?56e3a09cef2a0cb7 200 in 43ms (proxy.ts: 11ms)
 GET /api/dashboard 200 in 306ms (next.js: 8ms, application-code: 298ms)
 GET /api/dashboard 200 in 295ms (next.js: 8ms, application-code: 287ms)
✓ Compiled in 479ms
 GET /en/dashboard 200 in 1045ms (next.js: 373ms, proxy.ts: 198ms, application-code: 474ms)
 GET /id/settings 200 in 1041ms (next.js: 743ms, proxy.ts: 200ms, application-code: 99ms)
 GET /icon?56e3a09cef2a0cb7 200 in 180ms (proxy.ts: 9ms)
 GET /manifest.webmanifest 200 in 131ms (next.js: 111ms, application-code: 20ms)
 GET /icon?56e3a09cef2a0cb7 200 in 174ms (proxy.ts: 142ms)
 GET /icon 200 in 57ms (proxy.ts: 35ms)
 GET /api/dashboard 200 in 556ms (next.js: 133ms, application-code: 423ms)
 GET /api/dashboard 200 in 334ms (next.js: 5ms, application-code: 329ms)
 GET /api/dashboard 200 in 428ms (next.js: 15ms, application-code: 413ms)
 GET /api/dashboard 200 in 253ms (next.js: 7ms, application-code: 246ms)
 GET /api/dashboard 200 in 272ms (next.js: 8ms, application-code: 264ms)
 GET /api/dashboard 200 in 341ms (next.js: 7ms, application-code: 334ms)
 GET /api/dashboard 200 in 238ms (next.js: 7ms, application-code: 231ms)
 GET /api/dashboard 200 in 292ms (next.js: 8ms, application-code: 285ms)
 GET /api/dashboard 200 in 298ms (next.js: 7ms, application-code: 291ms)
 GET /api/dashboard 200 in 306ms (next.js: 7ms, application-code: 299ms)
 GET /api/dashboard 200 in 345ms (next.js: 10ms, application-code: 335ms)
 GET /api/dashboard 200 in 269ms (next.js: 11ms, application-code: 258ms)
 GET /api/dashboard 200 in 269ms (next.js: 9ms, application-code: 260ms)
 GET /api/dashboard 200 in 677ms (next.js: 7ms, application-code: 670ms)
 GET /api/dashboard 200 in 742ms (next.js: 5ms, application-code: 737ms)
 GET /en/settings 200 in 857ms (next.js: 37ms, proxy.ts: 19ms, application-code: 801ms)
 GET /api/realtime 200 in 6.1min (next.js: 8ms, application-code: 6.1min)
 GET /manifest.webmanifest 200 in 20ms (next.js: 8ms, application-code: 12ms)
 GET /icon 200 in 38ms (proxy.ts: 8ms)
 GET /en/login 404 in 1370ms (next.js: 1240ms, proxy.ts: 17ms, application-code: 113ms)
 GET /manifest.json 200 in 1348ms (next.js: 86ms, application-code: 1262ms)
 GET /api/realtime 200 in 90s (next.js: 107ms, application-code: 89s)
 GET /en/dashboard 200 in 1865ms (next.js: 138ms, proxy.ts: 65ms, application-code: 1662ms)
 GET /manifest.webmanifest 200 in 117ms (next.js: 74ms, application-code: 43ms)
 GET /icon 200 in 668ms (proxy.ts: 99ms)
 GET /manifest.json 200 in 497ms (next.js: 37ms, application-code: 460ms)
 GET /en/login 404 in 535ms (next.js: 359ms, proxy.ts: 20ms, application-code: 156ms)
 GET /api/dashboard 200 in 786ms (next.js: 57ms, application-code: 729ms)
 GET /api/dashboard 200 in 479ms (next.js: 15ms, application-code: 464ms)
 GET /api/dashboard 200 in 369ms (next.js: 5ms, application-code: 364ms)
 GET /api/dashboard 200 in 371ms (next.js: 7ms, application-code: 364ms)
 GET /api/dashboard 200 in 399ms (next.js: 6ms, application-code: 393ms)
 GET /id/dashboard 200 in 100ms (next.js: 29ms, proxy.ts: 12ms, application-code: 59ms)
[browser] Detected `scroll-behavior: smooth` on the `<html>` element. To disable smooth scrolling during route transitions, add `data-scroll-behavior="smooth"` to your <html> element. Learn more: https://nextjs.org/docs/messages/missing-data-scroll-behavior
 GET /manifest.webmanifest 200 in 19ms (next.js: 7ms, application-code: 12ms)
 GET /icon 200 in 28ms (proxy.ts: 6ms)
 GET /api/dashboard 200 in 432ms (next.js: 7ms, application-code: 425ms)
 GET /api/dashboard 200 in 237ms (next.js: 6ms, application-code: 231ms)
 GET /api/dashboard 200 in 256ms (next.js: 5ms, application-code: 251ms)
 GET /api/dashboard 200 in 323ms (next.js: 6ms, application-code: 316ms)
 GET /api/dashboard 200 in 381ms (next.js: 6ms, application-code: 375ms)
 GET /api/dashboard 200 in 454ms (next.js: 5ms, application-code: 449ms)
 GET /zh/dashboard 200 in 97ms (next.js: 26ms, proxy.ts: 8ms, application-code: 64ms)
 GET /manifest.webmanifest 200 in 34ms (next.js: 16ms, application-code: 17ms)
 GET /icon 200 in 20ms (proxy.ts: 5ms)
 GET /api/dashboard 200 in 418ms (next.js: 6ms, application-code: 413ms)
 GET /api/dashboard 200 in 285ms (next.js: 6ms, application-code: 279ms)
 GET /api/dashboard 200 in 291ms (next.js: 8ms, application-code: 283ms)
 GET /api/dashboard 200 in 339ms (next.js: 6ms, application-code: 333ms)
 GET /api/dashboard 200 in 257ms (next.js: 10ms, application-code: 247ms)
 GET /api/dashboard 200 in 277ms (next.js: 20ms, application-code: 257ms)
 GET /api/dashboard 200 in 500ms (next.js: 7ms, application-code: 493ms)
 GET /api/dashboard 200 in 275ms (next.js: 7ms, application-code: 268ms)
 GET /api/dashboard 200 in 299ms (next.js: 12ms, application-code: 287ms)
 GET /api/dashboard 200 in 272ms (next.js: 8ms, application-code: 263ms)
 GET /api/dashboard 200 in 237ms (next.js: 8ms, application-code: 229ms)
 GET /api/dashboard 200 in 492ms (next.js: 9ms, application-code: 483ms)
 GET /api/dashboard 200 in 366ms (next.js: 13ms, application-code: 353ms)
 GET /api/dashboard 200 in 390ms (next.js: 8ms, application-code: 382ms)
 GET /api/dashboard 200 in 410ms (next.js: 7ms, application-code: 403ms)
 GET /api/dashboard 200 in 445ms (next.js: 6ms, application-code: 438ms)
 GET /api/dashboard 200 in 382ms (next.js: 7ms, application-code: 375ms)
 GET /api/dashboard 200 in 246ms (next.js: 6ms, application-code: 240ms)
 GET /api/dashboard 200 in 382ms (next.js: 6ms, application-code: 377ms)
 GET /api/dashboard 200 in 611ms (next.js: 6ms, application-code: 605ms)
 GET /api/dashboard 200 in 443ms (next.js: 7ms, application-code: 436ms)
 GET /api/dashboard 200 in 277ms (next.js: 9ms, application-code: 268ms)
 GET /api/dashboard 200 in 282ms (next.js: 9ms, application-code: 273ms)
 GET /api/dashboard 200 in 287ms (next.js: 8ms, application-code: 279ms)
 GET /api/dashboard 200 in 479ms (next.js: 6ms, application-code: 472ms)
 GET /api/dashboard 200 in 266ms (next.js: 9ms, application-code: 257ms)
 GET /api/dashboard 200 in 263ms (next.js: 8ms, application-code: 255ms)
 GET /api/dashboard 200 in 282ms (next.js: 17ms, application-code: 266ms)
 GET /api/dashboard 200 in 451ms (next.js: 6ms, application-code: 445ms)
 GET /api/dashboard 200 in 235ms (next.js: 8ms, application-code: 228ms)
 GET /api/dashboard 200 in 466ms (next.js: 8ms, application-code: 458ms)
 GET /api/dashboard 200 in 387ms (next.js: 8ms, application-code: 378ms)
 GET /api/dashboard 200 in 230ms (next.js: 7ms, application-code: 224ms)
 GET /api/dashboard 200 in 311ms (next.js: 8ms, application-code: 303ms)
 GET /api/dashboard 200 in 247ms (next.js: 7ms, application-code: 240ms)
 GET /api/dashboard 200 in 425ms (next.js: 7ms, application-code: 418ms)
 GET /api/dashboard 200 in 775ms (next.js: 9ms, application-code: 766ms)
 GET /api/dashboard 200 in 412ms (next.js: 9ms, application-code: 403ms)
 GET /api/dashboard 200 in 570ms (next.js: 8ms, application-code: 562ms)
 GET /api/dashboard 200 in 573ms (next.js: 6ms, application-code: 567ms)
 GET /api/dashboard 200 in 575ms (next.js: 7ms, application-code: 569ms)
 GET /api/dashboard 200 in 450ms (next.js: 9ms, application-code: 441ms)
 GET /api/dashboard 200 in 261ms (next.js: 7ms, application-code: 254ms)
 GET /api/dashboard 200 in 302ms (next.js: 10ms, application-code: 292ms)
 GET /api/dashboard 200 in 357ms (next.js: 6ms, application-code: 350ms)
 GET /api/dashboard 200 in 446ms (next.js: 8ms, application-code: 438ms)
 GET /api/dashboard 200 in 392ms (next.js: 7ms, application-code: 385ms)
 GET /api/dashboard 200 in 290ms (next.js: 8ms, application-code: 281ms)
 GET /api/dashboard 200 in 389ms (next.js: 7ms, application-code: 382ms)
 GET /api/dashboard 200 in 274ms (next.js: 7ms, application-code: 266ms)
 GET /api/dashboard 200 in 254ms (next.js: 8ms, application-code: 246ms)
 GET /api/dashboard 200 in 255ms (next.js: 8ms, application-code: 247ms)
 GET /api/dashboard 200 in 362ms (next.js: 8ms, application-code: 354ms)
 GET /api/dashboard 200 in 279ms (next.js: 7ms, application-code: 272ms)
 GET /api/dashboard 200 in 272ms (next.js: 7ms, application-code: 266ms)
 GET /api/dashboard 200 in 317ms (next.js: 8ms, application-code: 309ms)
 GET /api/dashboard 200 in 336ms (next.js: 7ms, application-code: 330ms)
 GET /api/dashboard 200 in 371ms (next.js: 8ms, application-code: 363ms)
 GET /api/dashboard 200 in 273ms (next.js: 8ms, application-code: 266ms)
 GET /api/dashboard 200 in 263ms (next.js: 8ms, application-code: 255ms)
 GET /api/dashboard 200 in 379ms (next.js: 8ms, application-code: 371ms)
 GET /api/dashboard 200 in 256ms (next.js: 8ms, application-code: 248ms)
 GET /api/dashboard 200 in 245ms (next.js: 5ms, application-code: 240ms)
 GET /api/dashboard 200 in 296ms (next.js: 9ms, application-code: 288ms)
 GET /api/dashboard 200 in 254ms (next.js: 7ms, application-code: 246ms)
 GET /api/dashboard 200 in 316ms (next.js: 7ms, application-code: 309ms)
 GET /api/dashboard 200 in 412ms (next.js: 11ms, application-code: 401ms)
 GET /api/dashboard 200 in 242ms (next.js: 6ms, application-code: 236ms)
 GET /api/dashboard 200 in 529ms (next.js: 6ms, application-code: 523ms)
 GET /api/dashboard 200 in 444ms (next.js: 6ms, application-code: 438ms)
 GET /api/dashboard 200 in 228ms (next.js: 8ms, application-code: 220ms)
 GET /api/dashboard 200 in 364ms (next.js: 7ms, application-code: 358ms)
 GET /api/dashboard 200 in 254ms (next.js: 6ms, application-code: 249ms)
 GET /api/dashboard 200 in 319ms (next.js: 8ms, application-code: 312ms)
 GET /api/dashboard 200 in 258ms (next.js: 7ms, application-code: 251ms)
 GET /api/dashboard 200 in 407ms (next.js: 7ms, application-code: 400ms)
 GET /api/dashboard 200 in 291ms (next.js: 9ms, application-code: 282ms)
 GET /api/dashboard 200 in 269ms (next.js: 6ms, application-code: 263ms)
 GET /api/dashboard 200 in 725ms (next.js: 7ms, application-code: 718ms)
 GET /api/dashboard 200 in 246ms (next.js: 8ms, application-code: 238ms)
 GET /api/dashboard 200 in 448ms (next.js: 7ms, application-code: 441ms)
 GET /api/dashboard 200 in 351ms (next.js: 6ms, application-code: 345ms)
 GET /api/dashboard 200 in 221ms (next.js: 7ms, application-code: 214ms)
 GET /api/dashboard 200 in 397ms (next.js: 7ms, application-code: 390ms)
 GET /api/dashboard 200 in 263ms (next.js: 10ms, application-code: 253ms)
 GET /api/dashboard 200 in 603ms (next.js: 8ms, application-code: 595ms)
 GET /api/dashboard 200 in 866ms (next.js: 7ms, application-code: 859ms)
 GET /api/dashboard 200 in 711ms (next.js: 37ms, application-code: 674ms)
 GET /api/dashboard 200 in 415ms (next.js: 9ms, application-code: 406ms)
 GET /api/dashboard 200 in 451ms (next.js: 6ms, application-code: 445ms)
 GET /api/dashboard 200 in 448ms (next.js: 7ms, application-code: 441ms)
 GET /api/dashboard 200 in 389ms (next.js: 8ms, application-code: 381ms)
 GET /api/dashboard 200 in 286ms (next.js: 6ms, application-code: 280ms)
 GET /api/dashboard 200 in 508ms (next.js: 8ms, application-code: 500ms)
 GET /api/dashboard 200 in 259ms (next.js: 7ms, application-code: 252ms)
 GET /api/dashboard 200 in 612ms (next.js: 8ms, application-code: 604ms)
 GET /api/dashboard 200 in 352ms (next.js: 7ms, application-code: 345ms)
 GET /api/dashboard 200 in 274ms (next.js: 6ms, application-code: 268ms)
 GET /api/dashboard 200 in 504ms (next.js: 6ms, application-code: 497ms)
 GET /api/dashboard 200 in 408ms (next.js: 6ms, application-code: 402ms)
 GET /api/dashboard 200 in 321ms (next.js: 9ms, application-code: 312ms)
 GET /api/dashboard 200 in 390ms (next.js: 7ms, application-code: 383ms)
 GET /api/dashboard 200 in 375ms (next.js: 11ms, application-code: 364ms)
 GET /api/dashboard 200 in 381ms (next.js: 9ms, application-code: 372ms)
 GET /api/dashboard 200 in 223ms (next.js: 7ms, application-code: 216ms)
 GET /api/dashboard 200 in 427ms (next.js: 9ms, application-code: 418ms)
 GET /api/dashboard 200 in 253ms (next.js: 8ms, application-code: 245ms)
 GET /api/dashboard 200 in 408ms (next.js: 14ms, application-code: 394ms)
 GET /api/dashboard 200 in 364ms (next.js: 6ms, application-code: 358ms)
 GET /api/dashboard 200 in 278ms (next.js: 6ms, application-code: 272ms)
 GET /api/dashboard 200 in 378ms (next.js: 7ms, application-code: 371ms)
 GET /api/dashboard 200 in 423ms (next.js: 6ms, application-code: 417ms)
 GET /api/dashboard 200 in 327ms (next.js: 8ms, application-code: 319ms)
 GET /api/dashboard 200 in 576ms (next.js: 10ms, application-code: 566ms)
 GET /api/dashboard 200 in 334ms (next.js: 5ms, application-code: 329ms)
 GET /api/dashboard 200 in 275ms (next.js: 7ms, application-code: 268ms)
 GET /api/dashboard 200 in 295ms (next.js: 6ms, application-code: 289ms)
 GET /api/dashboard 200 in 299ms (next.js: 5ms, application-code: 294ms)
 GET /api/dashboard 200 in 412ms (next.js: 10ms, application-code: 401ms)
 GET /api/dashboard 200 in 271ms (next.js: 6ms, application-code: 265ms)
 GET /api/dashboard 200 in 227ms (next.js: 8ms, application-code: 219ms)
 GET /api/dashboard 200 in 418ms (next.js: 8ms, application-code: 410ms)
 GET /api/dashboard 200 in 379ms (next.js: 7ms, application-code: 373ms)
 GET /api/dashboard 200 in 261ms (next.js: 10ms, application-code: 251ms)
 GET /api/dashboard 200 in 779ms (next.js: 6ms, application-code: 773ms)
 GET /api/dashboard 200 in 251ms (next.js: 6ms, application-code: 245ms)
 GET /api/dashboard 200 in 342ms (next.js: 6ms, application-code: 336ms)
 GET /api/dashboard 200 in 414ms (next.js: 10ms, application-code: 405ms)
 GET /api/dashboard 200 in 266ms (next.js: 7ms, application-code: 259ms)
 GET /api/dashboard 200 in 610ms (next.js: 7ms, application-code: 603ms)
 GET /api/dashboard 200 in 409ms (next.js: 10ms, application-code: 399ms)
 GET /api/dashboard 200 in 280ms (next.js: 6ms, application-code: 274ms)
 GET /api/dashboard 200 in 241ms (next.js: 8ms, application-code: 233ms)
 GET /api/dashboard 200 in 415ms (next.js: 8ms, application-code: 408ms)
 GET /api/dashboard 200 in 590ms (next.js: 9ms, application-code: 581ms)
 GET /api/dashboard 200 in 329ms (next.js: 6ms, application-code: 323ms)
 GET /api/dashboard 200 in 853ms (next.js: 7ms, application-code: 846ms)
 GET /api/dashboard 200 in 274ms (next.js: 9ms, application-code: 265ms)
 GET /api/dashboard 200 in 674ms (next.js: 6ms, application-code: 667ms)
 GET /api/dashboard 200 in 235ms (next.js: 6ms, application-code: 229ms)
 GET /api/dashboard 200 in 491ms (next.js: 10ms, application-code: 481ms)
 GET /api/dashboard 200 in 562ms (next.js: 7ms, application-code: 555ms)
 GET /api/dashboard 200 in 403ms (next.js: 8ms, application-code: 396ms)
 GET /api/dashboard 200 in 292ms (next.js: 6ms, application-code: 286ms)
 GET /api/dashboard 200 in 412ms (next.js: 5ms, application-code: 407ms)
 GET /api/dashboard 200 in 730ms (next.js: 8ms, application-code: 722ms)
 GET /api/dashboard 200 in 533ms (next.js: 6ms, application-code: 527ms)
 GET /api/dashboard 200 in 256ms (next.js: 7ms, application-code: 249ms)
 GET /api/dashboard 200 in 267ms (next.js: 8ms, application-code: 259ms)
 GET /api/dashboard 200 in 252ms (next.js: 8ms, application-code: 244ms)
 GET /api/dashboard 200 in 411ms (next.js: 5ms, application-code: 406ms)
 GET /api/dashboard 200 in 382ms (next.js: 7ms, application-code: 375ms)
 GET /api/dashboard 200 in 487ms (next.js: 8ms, application-code: 479ms)
 GET /api/dashboard 200 in 595ms (next.js: 9ms, application-code: 585ms)
 GET /api/dashboard 200 in 265ms (next.js: 6ms, application-code: 259ms)
 GET /api/dashboard 200 in 452ms (next.js: 5ms, application-code: 447ms)
 GET /api/dashboard 200 in 294ms (next.js: 6ms, application-code: 288ms)
 GET /api/dashboard 200 in 239ms (next.js: 5ms, application-code: 234ms)
 GET /api/dashboard 200 in 280ms (next.js: 7ms, application-code: 273ms)
 GET /api/dashboard 200 in 408ms (next.js: 7ms, application-code: 401ms)
 GET /api/dashboard 200 in 251ms (next.js: 6ms, application-code: 245ms)
 GET /api/dashboard 200 in 431ms (next.js: 5ms, application-code: 425ms)
 GET /api/dashboard 200 in 284ms (next.js: 5ms, application-code: 279ms)
 GET /api/dashboard 200 in 255ms (next.js: 6ms, application-code: 248ms)
 GET /api/dashboard 200 in 578ms (next.js: 7ms, application-code: 571ms)
 GET /api/dashboard 200 in 366ms (next.js: 7ms, application-code: 359ms)
 GET /api/dashboard 200 in 395ms (next.js: 5ms, application-code: 390ms)
 GET /api/dashboard 200 in 258ms (next.js: 11ms, application-code: 247ms)
 GET /api/dashboard 200 in 489ms (next.js: 5ms, application-code: 483ms)
 GET /api/dashboard 200 in 330ms (next.js: 3ms, application-code: 327ms)
 GET /api/dashboard 200 in 241ms (next.js: 8ms, application-code: 234ms)
 GET /api/dashboard 200 in 322ms (next.js: 8ms, application-code: 315ms)
 GET /api/dashboard 200 in 497ms (next.js: 8ms, application-code: 490ms)
 GET /api/dashboard 200 in 248ms (next.js: 13ms, application-code: 235ms)
 GET /api/dashboard 200 in 418ms (next.js: 10ms, application-code: 409ms)
 GET /api/dashboard 200 in 281ms (next.js: 10ms, application-code: 271ms)
 GET /en/dashboard 200 in 746ms (next.js: 129ms, proxy.ts: 78ms, application-code: 540ms)
 GET /manifest.webmanifest 200 in 37ms (next.js: 13ms, application-code: 24ms)
 GET /api/realtime 200 in 17.6min (next.js: 17ms, application-code: 17.6min)
 GET /icon 200 in 131ms (proxy.ts: 17ms)
 GET /api/dashboard 200 in 349ms (next.js: 11ms, application-code: 338ms)
 GET /api/dashboard 200 in 636ms (next.js: 16ms, application-code: 620ms)
 GET /manifest.json 200 in 1177ms (next.js: 39ms, application-code: 1138ms)
 GET /en/login 404 in 1260ms (next.js: 605ms, proxy.ts: 51ms, application-code: 604ms)
 GET /api/dashboard 200 in 375ms (next.js: 52ms, application-code: 323ms)
 GET /api/dashboard 200 in 304ms (next.js: 32ms, application-code: 273ms)
 GET /api/dashboard 200 in 391ms (next.js: 9ms, application-code: 382ms)
 GET /id/dashboard 200 in 122ms (next.js: 31ms, proxy.ts: 9ms, application-code: 82ms)
 GET /api/dashboard 200 in 274ms (next.js: 7ms, application-code: 268ms)
[browser] Detected `scroll-behavior: smooth` on the `<html>` element. To disable smooth scrolling during route transitions, add `data-scroll-behavior="smooth"` to your <html> element. Learn more: https://nextjs.org/docs/messages/missing-data-scroll-behavior
 GET /manifest.webmanifest 200 in 19ms (next.js: 8ms, application-code: 11ms)
 GET /icon 200 in 41ms (proxy.ts: 14ms)
 GET /api/dashboard 200 in 279ms (next.js: 7ms, application-code: 272ms)
 GET /api/dashboard 200 in 416ms (next.js: 6ms, application-code: 409ms)
 GET /api/dashboard 200 in 386ms (next.js: 9ms, application-code: 377ms)
 GET /api/dashboard 200 in 279ms (next.js: 7ms, application-code: 272ms)
 GET /api/dashboard 200 in 260ms (next.js: 7ms, application-code: 253ms)
 GET /zh/dashboard 200 in 115ms (next.js: 31ms, proxy.ts: 10ms, application-code: 74ms)
 GET /api/dashboard 200 in 266ms (next.js: 9ms, application-code: 258ms)
 GET /manifest.webmanifest 200 in 19ms (next.js: 7ms, application-code: 12ms)
 GET /icon 200 in 31ms (proxy.ts: 7ms)
 GET /api/dashboard 200 in 290ms (next.js: 15ms, application-code: 276ms)
 GET /api/dashboard 200 in 486ms (next.js: 6ms, application-code: 480ms)
 GET /api/dashboard 200 in 381ms (next.js: 25ms, application-code: 356ms)
 GET /api/dashboard 200 in 387ms (next.js: 7ms, application-code: 380ms)
 GET /api/dashboard 200 in 265ms (next.js: 13ms, application-code: 252ms)
 GET /api/dashboard 200 in 341ms (next.js: 6ms, application-code: 335ms)
 GET /ja/dashboard 200 in 156ms (next.js: 31ms, proxy.ts: 9ms, application-code: 116ms)
 GET /api/dashboard 200 in 249ms (next.js: 5ms, application-code: 244ms)
 GET /manifest.webmanifest 200 in 18ms (next.js: 8ms, application-code: 10ms)
 GET /icon 200 in 27ms (proxy.ts: 7ms)
 GET /api/dashboard 200 in 257ms (next.js: 7ms, application-code: 250ms)
 GET /api/dashboard 200 in 573ms (next.js: 7ms, application-code: 566ms)
 GET /api/dashboard 200 in 291ms (next.js: 6ms, application-code: 285ms)
 GET /api/dashboard 200 in 265ms (next.js: 8ms, application-code: 258ms)
 GET /api/dashboard 200 in 256ms (next.js: 7ms, application-code: 250ms)
 GET /api/dashboard 200 in 229ms (next.js: 9ms, application-code: 219ms)
 GET /api/dashboard 200 in 361ms (next.js: 6ms, application-code: 356ms)
 GET /api/dashboard 200 in 281ms (next.js: 7ms, application-code: 274ms)
 GET /api/dashboard 200 in 375ms (next.js: 9ms, application-code: 366ms)
 GET /api/dashboard 200 in 357ms (next.js: 7ms, application-code: 350ms)
 GET /api/dashboard 200 in 597ms (next.js: 22ms, application-code: 575ms)
 GET /api/dashboard 200 in 236ms (next.js: 11ms, application-code: 225ms)
 GET /api/dashboard 200 in 311ms (next.js: 13ms, application-code: 299ms)
 GET /api/dashboard 200 in 322ms (next.js: 10ms, application-code: 313ms)
 GET /api/dashboard 200 in 733ms (next.js: 12ms, application-code: 722ms)
 GET /api/dashboard 200 in 472ms (next.js: 8ms, application-code: 464ms)
 GET /api/dashboard 200 in 850ms (next.js: 32ms, application-code: 817ms)
 GET /api/dashboard 200 in 518ms (next.js: 36ms, application-code: 482ms)
 GET /api/dashboard 200 in 731ms (next.js: 40ms, application-code: 691ms)
 GET /api/dashboard 200 in 488ms (next.js: 39ms, application-code: 449ms)
 GET /api/dashboard 200 in 475ms (next.js: 29ms, application-code: 446ms)
 GET /api/dashboard 200 in 443ms (next.js: 54ms, application-code: 389ms)
 GET /api/dashboard 200 in 430ms (next.js: 26ms, application-code: 404ms)
 GET /api/dashboard 200 in 253ms (next.js: 10ms, application-code: 243ms)
 GET /api/dashboard 200 in 260ms (next.js: 9ms, application-code: 251ms)
 GET /api/dashboard 200 in 386ms (next.js: 11ms, application-code: 376ms)
 GET /api/dashboard 200 in 402ms (next.js: 16ms, application-code: 386ms)
 GET /api/dashboard 200 in 291ms (next.js: 11ms, application-code: 281ms)
 GET /api/dashboard 200 in 333ms (next.js: 9ms, application-code: 324ms)
 GET /api/dashboard 200 in 330ms (next.js: 11ms, application-code: 319ms)
 GET /api/dashboard 200 in 236ms (next.js: 8ms, application-code: 228ms)
 GET /api/dashboard 200 in 246ms (next.js: 8ms, application-code: 237ms)
 GET /api/dashboard 200 in 219ms (next.js: 7ms, application-code: 212ms)
 GET /api/dashboard 200 in 347ms (next.js: 10ms, application-code: 337ms)
 GET /api/dashboard 200 in 319ms (next.js: 9ms, application-code: 310ms)
 GET /api/dashboard 200 in 264ms (next.js: 9ms, application-code: 256ms)
 GET /api/dashboard 200 in 618ms (next.js: 6ms, application-code: 612ms)
 GET /api/dashboard 200 in 271ms (next.js: 7ms, application-code: 265ms)
 GET /api/dashboard 200 in 388ms (next.js: 4ms, application-code: 384ms)
 GET /api/dashboard 200 in 243ms (next.js: 8ms, application-code: 236ms)
 GET /api/dashboard 200 in 261ms (next.js: 9ms, application-code: 252ms)
 GET /api/dashboard 200 in 295ms (next.js: 6ms, application-code: 290ms)
 GET /api/dashboard 200 in 257ms (next.js: 12ms, application-code: 245ms)
 GET /api/dashboard 200 in 419ms (next.js: 7ms, application-code: 412ms)
 GET /api/dashboard 200 in 415ms (next.js: 9ms, application-code: 406ms)
 GET /api/dashboard 200 in 274ms (next.js: 9ms, application-code: 265ms)
 GET /api/dashboard 200 in 253ms (next.js: 7ms, application-code: 247ms)
 GET /api/dashboard 200 in 293ms (next.js: 7ms, application-code: 286ms)
 GET /api/dashboard 200 in 246ms (next.js: 14ms, application-code: 232ms)
 GET /api/dashboard 200 in 289ms (next.js: 8ms, application-code: 282ms)
 GET /api/dashboard 200 in 276ms (next.js: 7ms, application-code: 269ms)
 GET /api/dashboard 200 in 370ms (next.js: 7ms, application-code: 363ms)
 GET /api/dashboard 200 in 264ms (next.js: 11ms, application-code: 253ms)
 GET /api/dashboard 200 in 237ms (next.js: 18ms, application-code: 219ms)
 GET /api/dashboard 200 in 367ms (next.js: 7ms, application-code: 360ms)
 GET /api/dashboard 200 in 256ms (next.js: 7ms, application-code: 249ms)
 GET /api/dashboard 200 in 297ms (next.js: 7ms, application-code: 290ms)
 GET /api/dashboard 200 in 370ms (next.js: 7ms, application-code: 363ms)
 GET /api/dashboard 200 in 579ms (next.js: 8ms, application-code: 571ms)
 GET /api/dashboard 200 in 267ms (next.js: 10ms, application-code: 257ms)
 GET /api/dashboard 200 in 555ms (next.js: 10ms, application-code: 545ms)
 GET /api/dashboard 200 in 2.1s (next.js: 5ms, application-code: 2.1s)
 GET /api/dashboard 200 in 1993ms (next.js: 9ms, application-code: 1984ms)
 GET /api/dashboard 200 in 1458ms (next.js: 6ms, application-code: 1451ms)
 GET /api/dashboard 200 in 4.6s (next.js: 16ms, application-code: 4.6s)
 GET /api/dashboard 200 in 3.4s (next.js: 6ms, application-code: 3.3s)
 GET /api/dashboard 200 in 5.2s (next.js: 6ms, application-code: 5.2s)
 GET /api/dashboard 200 in 886ms (next.js: 5ms, application-code: 882ms)
 GET /api/dashboard 200 in 1429ms (next.js: 6ms, application-code: 1423ms)
 GET /api/dashboard 200 in 1078ms (next.js: 15ms, application-code: 1064ms)
 GET /api/dashboard 200 in 2.5s (next.js: 6ms, application-code: 2.5s)
 GET /api/dashboard 200 in 1460ms (next.js: 7ms, application-code: 1453ms)
 GET /api/dashboard 200 in 633ms (next.js: 6ms, application-code: 627ms)
 GET /api/dashboard 200 in 1514ms (next.js: 7ms, application-code: 1507ms)
 GET /api/dashboard 200 in 1773ms (next.js: 6ms, application-code: 1767ms)
 GET /api/dashboard 200 in 781ms (next.js: 6ms, application-code: 775ms)
 GET /api/dashboard 200 in 2.1s (next.js: 6ms, application-code: 2.1s)
 GET /api/dashboard 200 in 280ms (next.js: 9ms, application-code: 271ms)
 GET /api/dashboard 200 in 914ms (next.js: 7ms, application-code: 906ms)
 GET /api/dashboard 200 in 275ms (next.js: 6ms, application-code: 270ms)
 GET /api/dashboard 200 in 406ms (next.js: 6ms, application-code: 400ms)
 GET /api/dashboard 200 in 1451ms (next.js: 6ms, application-code: 1445ms)
 GET /api/dashboard 200 in 392ms (next.js: 7ms, application-code: 385ms)
 GET /api/dashboard 200 in 973ms (next.js: 7ms, application-code: 966ms)
 GET /api/dashboard 200 in 269ms (next.js: 5ms, application-code: 264ms)
 GET /api/dashboard 200 in 256ms (next.js: 7ms, application-code: 249ms)
 GET /api/dashboard 200 in 1402ms (next.js: 7ms, application-code: 1395ms)
 GET /api/dashboard 200 in 420ms (next.js: 6ms, application-code: 415ms)
 GET /api/dashboard 200 in 688ms (next.js: 6ms, application-code: 682ms)
 GET /api/dashboard 200 in 656ms (next.js: 8ms, application-code: 648ms)
 GET /api/dashboard 200 in 313ms (next.js: 8ms, application-code: 306ms)
 GET /api/dashboard 200 in 1481ms (next.js: 6ms, application-code: 1475ms)
 GET /api/dashboard 200 in 352ms (next.js: 5ms, application-code: 347ms)
 GET /api/dashboard 200 in 310ms (next.js: 7ms, application-code: 303ms)
 GET /api/dashboard 200 in 274ms (next.js: 6ms, application-code: 267ms)
 GET /api/dashboard 200 in 278ms (next.js: 7ms, application-code: 272ms)
 GET /api/dashboard 200 in 1091ms (next.js: 7ms, application-code: 1085ms)
 GET /api/dashboard 200 in 246ms (next.js: 9ms, application-code: 237ms)
 GET /api/dashboard 200 in 871ms (next.js: 9ms, application-code: 861ms)
 GET /api/dashboard 200 in 298ms (next.js: 10ms, application-code: 288ms)
 GET /api/dashboard 200 in 307ms (next.js: 5ms, application-code: 303ms)
 GET /api/dashboard 200 in 1023ms (next.js: 5ms, application-code: 1018ms)
 GET /api/dashboard 200 in 908ms (next.js: 6ms, application-code: 902ms)
 GET /api/dashboard 200 in 2.4s (next.js: 6ms, application-code: 2.4s)
 GET /api/dashboard 200 in 2.0s (next.js: 6ms, application-code: 2.0s)
 GET /api/dashboard 200 in 1769ms (next.js: 6ms, application-code: 1763ms)
 GET /api/dashboard 200 in 1158ms (next.js: 5ms, application-code: 1153ms)
 GET /api/dashboard 200 in 390ms (next.js: 6ms, application-code: 383ms)
 GET /api/dashboard 200 in 2.6s (next.js: 6ms, application-code: 2.6s)
 GET /api/dashboard 200 in 911ms (next.js: 5ms, application-code: 906ms)
 GET /api/dashboard 200 in 3.7s (next.js: 6ms, application-code: 3.7s)
 GET /api/dashboard 200 in 2.4s (next.js: 8ms, application-code: 2.4s)
 GET /api/dashboard 200 in 404ms (next.js: 6ms, application-code: 399ms)
 GET /api/dashboard 200 in 305ms (next.js: 6ms, application-code: 299ms)
 GET /api/dashboard 200 in 855ms (next.js: 8ms, application-code: 846ms)
 GET /api/dashboard 200 in 1655ms (next.js: 6ms, application-code: 1649ms)
 GET /api/dashboard 200 in 1609ms (next.js: 8ms, application-code: 1601ms)
 GET /api/dashboard 200 in 319ms (next.js: 6ms, application-code: 314ms)
 GET /api/dashboard 200 in 408ms (next.js: 6ms, application-code: 402ms)
 GET /api/dashboard 200 in 376ms (next.js: 7ms, application-code: 369ms)
 GET /api/dashboard 200 in 459ms (next.js: 7ms, application-code: 452ms)
 GET /api/dashboard 200 in 405ms (next.js: 6ms, application-code: 399ms)
 GET /api/dashboard 200 in 265ms (next.js: 4ms, application-code: 260ms)
 GET /api/dashboard 200 in 365ms (next.js: 6ms, application-code: 359ms)
 GET /api/dashboard 200 in 295ms (next.js: 9ms, application-code: 287ms)
 GET /api/dashboard 200 in 365ms (next.js: 7ms, application-code: 358ms)
 GET /api/dashboard 200 in 253ms (next.js: 11ms, application-code: 242ms)
 GET /api/dashboard 200 in 470ms (next.js: 7ms, application-code: 462ms)
 GET /api/dashboard 200 in 254ms (next.js: 6ms, application-code: 249ms)
 GET /api/dashboard 200 in 237ms (next.js: 6ms, application-code: 231ms)
 GET /api/dashboard 200 in 351ms (next.js: 6ms, application-code: 345ms)
 GET /api/dashboard 200 in 367ms (next.js: 8ms, application-code: 359ms)
 GET /api/dashboard 200 in 249ms (next.js: 5ms, application-code: 244ms)
 GET /api/dashboard 200 in 370ms (next.js: 5ms, application-code: 364ms)
 GET /api/dashboard 200 in 285ms (next.js: 5ms, application-code: 279ms)
 GET /api/dashboard 200 in 233ms (next.js: 6ms, application-code: 227ms)
 GET /api/dashboard 200 in 248ms (next.js: 5ms, application-code: 243ms)
 GET /api/dashboard 200 in 353ms (next.js: 5ms, application-code: 349ms)
 GET /api/dashboard 200 in 263ms (next.js: 10ms, application-code: 254ms)
 GET /api/dashboard 200 in 267ms (next.js: 5ms, application-code: 262ms)
 GET /api/dashboard 200 in 274ms (next.js: 6ms, application-code: 268ms)
 GET /api/dashboard 200 in 230ms (next.js: 5ms, application-code: 225ms)
 GET /api/dashboard 200 in 243ms (next.js: 8ms, application-code: 235ms)
 GET /api/dashboard 200 in 304ms (next.js: 4ms, application-code: 300ms)
 GET /api/dashboard 200 in 304ms (next.js: 3ms, application-code: 301ms)
 GET /api/dashboard 200 in 434ms (next.js: 3ms, application-code: 431ms)
 GET /api/dashboard 200 in 704ms (next.js: 5ms, application-code: 699ms)
 GET /api/dashboard 200 in 260ms (next.js: 7ms, application-code: 253ms)
 GET /api/realtime 200 in 43.4min (next.js: 110ms, application-code: 43.4min)
 GET /api/dashboard 200 in 222ms (next.js: 4ms, application-code: 218ms)
 GET /api/dashboard 200 in 266ms (next.js: 4ms, application-code: 262ms)
 GET /api/dashboard 200 in 283ms (next.js: 4ms, application-code: 279ms)
 GET /api/dashboard 200 in 236ms (next.js: 5ms, application-code: 231ms)
 GET /api/dashboard 200 in 249ms (next.js: 5ms, application-code: 243ms)
 GET /api/dashboard 200 in 220ms (next.js: 4ms, application-code: 216ms)
 GET /api/dashboard 200 in 255ms (next.js: 10ms, application-code: 244ms)
 GET /api/dashboard 200 in 257ms (next.js: 4ms, application-code: 253ms)
 GET /api/dashboard 200 in 353ms (next.js: 6ms, application-code: 347ms)
 GET /api/dashboard 200 in 241ms (next.js: 4ms, application-code: 237ms)
 GET /api/dashboard 200 in 268ms (next.js: 4ms, application-code: 263ms)
 GET /api/dashboard 200 in 234ms (next.js: 7ms, application-code: 227ms)
 GET /api/dashboard 200 in 269ms (next.js: 5ms, application-code: 264ms)
 GET /api/dashboard 200 in 242ms (next.js: 4ms, application-code: 238ms)
 GET /api/dashboard 200 in 256ms (next.js: 4ms, application-code: 252ms)
 GET /api/dashboard 200 in 328ms (next.js: 4ms, application-code: 325ms)
 GET /api/dashboard 200 in 534ms (next.js: 5ms, application-code: 529ms)
 GET /api/dashboard 200 in 789ms (next.js: 16ms, application-code: 773ms)
 GET /api/dashboard 200 in 341ms (next.js: 9ms, application-code: 332ms)
 GET /api/dashboard 200 in 754ms (next.js: 8ms, application-code: 746ms)
 GET /api/dashboard 200 in 418ms (next.js: 10ms, application-code: 408ms)
 GET /api/dashboard 200 in 289ms (next.js: 9ms, application-code: 280ms)
 GET /api/dashboard 200 in 318ms (next.js: 11ms, application-code: 307ms)
 GET /api/dashboard 200 in 451ms (next.js: 7ms, application-code: 444ms)
 GET /api/dashboard 200 in 431ms (next.js: 7ms, application-code: 424ms)
 GET /api/dashboard 200 in 256ms (next.js: 8ms, application-code: 248ms)
 GET /api/dashboard 200 in 482ms (next.js: 11ms, application-code: 471ms)
 GET /api/dashboard 200 in 263ms (next.js: 9ms, application-code: 254ms)
 GET /api/dashboard 200 in 266ms (next.js: 24ms, application-code: 242ms)
 GET /api/dashboard 200 in 810ms (next.js: 10ms, application-code: 801ms)
 GET /api/dashboard 200 in 233ms (next.js: 8ms, application-code: 225ms)
 GET /api/dashboard 200 in 449ms (next.js: 5ms, application-code: 444ms)
 GET /api/dashboard 200 in 243ms (next.js: 8ms, application-code: 235ms)
 GET /api/dashboard 200 in 329ms (next.js: 13ms, application-code: 316ms)
 GET /api/dashboard 200 in 440ms (next.js: 8ms, application-code: 432ms)
 GET /api/dashboard 200 in 299ms (next.js: 9ms, application-code: 290ms)
 GET /api/dashboard 200 in 269ms (next.js: 6ms, application-code: 263ms)
 GET /api/dashboard 200 in 342ms (next.js: 15ms, application-code: 327ms)
 GET /api/dashboard 200 in 714ms (next.js: 7ms, application-code: 707ms)
 GET /api/dashboard 200 in 502ms (next.js: 7ms, application-code: 495ms)
 GET /api/dashboard 200 in 361ms (next.js: 8ms, application-code: 354ms)
 GET /api/dashboard 200 in 303ms (next.js: 11ms, application-code: 292ms)
 GET /api/dashboard 200 in 606ms (next.js: 114ms, application-code: 492ms)
 GET /api/dashboard 200 in 495ms (next.js: 42ms, application-code: 453ms)
 GET /api/dashboard 200 in 490ms (next.js: 58ms, application-code: 433ms)
 GET /api/dashboard 200 in 510ms (next.js: 23ms, application-code: 487ms)
 GET /api/dashboard 200 in 407ms (next.js: 22ms, application-code: 385ms)
 GET /api/dashboard 200 in 432ms (next.js: 30ms, application-code: 402ms)
 GET /api/dashboard 200 in 358ms (next.js: 5ms, application-code: 352ms)
 GET /api/dashboard 200 in 294ms (next.js: 9ms, application-code: 285ms)
 GET /api/dashboard 200 in 266ms (next.js: 8ms, application-code: 259ms)
 GET /api/dashboard 200 in 258ms (next.js: 12ms, application-code: 246ms)
 GET /api/dashboard 200 in 375ms (next.js: 8ms, application-code: 367ms)
 GET /api/dashboard 200 in 257ms (next.js: 7ms, application-code: 250ms)
 GET /api/dashboard 200 in 290ms (next.js: 6ms, application-code: 283ms)
 GET /api/dashboard 200 in 618ms (next.js: 8ms, application-code: 611ms)
 GET /api/dashboard 200 in 335ms (next.js: 8ms, application-code: 327ms)
 GET /api/dashboard 200 in 240ms (next.js: 5ms, application-code: 235ms)
 GET /api/dashboard 200 in 271ms (next.js: 10ms, application-code: 261ms)
 GET /api/dashboard 200 in 261ms (next.js: 9ms, application-code: 252ms)
 GET /api/dashboard 200 in 3.4s (next.js: 32ms, application-code: 3.3s)
 GET /api/dashboard 200 in 2.3s (next.js: 9ms, application-code: 2.3s)
 GET /api/dashboard 200 in 673ms (next.js: 18ms, application-code: 655ms)
 GET /api/dashboard 200 in 1161ms (next.js: 9ms, application-code: 1152ms)
 GET /api/dashboard 200 in 4.8s (next.js: 6ms, application-code: 4.8s)
 GET /api/dashboard 200 in 5.8s (next.js: 7ms, application-code: 5.8s)
 GET /api/dashboard 200 in 2.2s (next.js: 10ms, application-code: 2.2s)
 GET /api/dashboard 200 in 2.4s (next.js: 14ms, application-code: 2.4s)
 GET /api/dashboard 200 in 1349ms (next.js: 18ms, application-code: 1331ms)
 GET /api/dashboard 200 in 2.9s (next.js: 12ms, application-code: 2.9s)
 GET /api/dashboard 200 in 4.2s (next.js: 18ms, application-code: 4.2s)
 GET /api/dashboard 200 in 2.1s (next.js: 21ms, application-code: 2.1s)
 GET /api/dashboard 200 in 1909ms (next.js: 12ms, application-code: 1897ms)
 GET /api/dashboard 200 in 1080ms (next.js: 15ms, application-code: 1065ms)
 GET /api/dashboard 200 in 2.6s (next.js: 11ms, application-code: 2.6s)
 GET /api/dashboard 200 in 2.8s (next.js: 6ms, application-code: 2.8s)
 GET /api/dashboard 200 in 1298ms (next.js: 11ms, application-code: 1287ms)
 GET /api/dashboard 200 in 2.5s (next.js: 8ms, application-code: 2.5s)
 GET /api/dashboard 200 in 2.4s (next.js: 13ms, application-code: 2.4s)
 GET /api/dashboard 200 in 2.3s (next.js: 9ms, application-code: 2.3s)
 GET /api/dashboard 200 in 2.6s (next.js: 5ms, application-code: 2.6s)
 GET /api/dashboard 200 in 1838ms (next.js: 6ms, application-code: 1832ms)
 GET /api/dashboard 200 in 1826ms (next.js: 11ms, application-code: 1815ms)
 GET /api/dashboard 200 in 4.8s (next.js: 15ms, application-code: 4.8s)
 GET /api/dashboard 200 in 1932ms (next.js: 10ms, application-code: 1922ms)
 GET /api/dashboard 200 in 4.4s (next.js: 9ms, application-code: 4.4s)
 GET /api/dashboard 200 in 3.3s (next.js: 8ms, application-code: 3.3s)
 GET /api/dashboard 200 in 4.1s (next.js: 10ms, application-code: 4.1s)
 GET /api/dashboard 200 in 3.0s (next.js: 6ms, application-code: 3.0s)
 GET /api/dashboard 200 in 11.3s (next.js: 7ms, application-code: 11.3s)
 GET /api/dashboard 200 in 3.7s (next.js: 10ms, application-code: 3.7s)
 GET /api/dashboard 200 in 1740ms (next.js: 13ms, application-code: 1727ms)
 GET /api/dashboard 200 in 1259ms (next.js: 8ms, application-code: 1251ms)
 GET /api/dashboard 200 in 1420ms (next.js: 13ms, application-code: 1407ms)
 GET /api/dashboard 200 in 1338ms (next.js: 10ms, application-code: 1328ms)
 GET /api/dashboard 200 in 3.1s (next.js: 734ms, application-code: 2.3s)
 GET /api/dashboard 200 in 3.2s (next.js: 42ms, application-code: 3.2s)
 GET /api/dashboard 200 in 7.7s (next.js: 96ms, application-code: 7.6s)
 GET /api/dashboard 200 in 3.1s (next.js: 207ms, application-code: 2.9s)
 GET /api/dashboard 200 in 1923ms (next.js: 103ms, application-code: 1820ms)
 GET /api/dashboard 200 in 2.1s (next.js: 42ms, application-code: 2.1s)
 GET /api/dashboard 200 in 1174ms (next.js: 51ms, application-code: 1123ms)
 GET /api/dashboard 200 in 484ms (next.js: 92ms, application-code: 392ms)
 GET /api/dashboard 200 in 949ms (next.js: 59ms, application-code: 890ms)
 GET /api/dashboard 200 in 370ms (next.js: 12ms, application-code: 358ms)
 GET /api/dashboard 200 in 1399ms (next.js: 6ms, application-code: 1393ms)
 GET /api/dashboard 200 in 2.3s (next.js: 14ms, application-code: 2.2s)
 GET /api/dashboard 200 in 1207ms (next.js: 17ms, application-code: 1190ms)
 GET /api/dashboard 200 in 1478ms (next.js: 10ms, application-code: 1468ms)
 GET /api/dashboard 200 in 4.4s (next.js: 7ms, application-code: 4.4s)
 GET /api/dashboard 200 in 2.1s (next.js: 9ms, application-code: 2.1s)
 GET /api/dashboard 200 in 1266ms (next.js: 8ms, application-code: 1258ms)
 GET /api/dashboard 200 in 1037ms (next.js: 14ms, application-code: 1023ms)
 GET /api/dashboard 200 in 553ms (next.js: 14ms, application-code: 539ms)
 GET /api/dashboard 200 in 2.6s (next.js: 84ms, application-code: 2.5s)
 GET /api/dashboard 200 in 588ms (next.js: 84ms, application-code: 504ms)
 GET /api/dashboard 200 in 1069ms (next.js: 294ms, application-code: 775ms)
 GET /api/dashboard 200 in 543ms (next.js: 24ms, application-code: 519ms)
 GET /api/dashboard 200 in 620ms (next.js: 33ms, application-code: 587ms)
 GET /api/dashboard 200 in 675ms (next.js: 18ms, application-code: 657ms)
 GET /api/dashboard 200 in 291ms (next.js: 15ms, application-code: 276ms)
 GET /api/dashboard 200 in 684ms (next.js: 9ms, application-code: 675ms)
 GET /api/dashboard 200 in 538ms (next.js: 10ms, application-code: 527ms)
 GET /api/dashboard 200 in 363ms (next.js: 8ms, application-code: 355ms)
 GET /api/dashboard 200 in 246ms (next.js: 9ms, application-code: 238ms)
 GET /api/dashboard 200 in 278ms (next.js: 8ms, application-code: 269ms)
 GET /api/dashboard 200 in 536ms (next.js: 7ms, application-code: 529ms)
 GET /api/dashboard 200 in 485ms (next.js: 7ms, application-code: 478ms)
 GET /api/dashboard 200 in 243ms (next.js: 9ms, application-code: 234ms)
 GET /api/dashboard 200 in 499ms (next.js: 7ms, application-code: 492ms)
 GET /api/dashboard 200 in 296ms (next.js: 6ms, application-code: 290ms)
 GET /api/dashboard 200 in 416ms (next.js: 8ms, application-code: 407ms)
 GET /api/dashboard 200 in 255ms (next.js: 13ms, application-code: 243ms)
 GET /api/dashboard 200 in 282ms (next.js: 19ms, application-code: 263ms)
 GET /api/dashboard 200 in 276ms (next.js: 11ms, application-code: 266ms)
 GET /api/dashboard 200 in 314ms (next.js: 10ms, application-code: 304ms)
 GET /api/dashboard 200 in 378ms (next.js: 8ms, application-code: 370ms)
 GET /api/dashboard 200 in 514ms (next.js: 11ms, application-code: 503ms)
 GET /api/dashboard 200 in 330ms (next.js: 14ms, application-code: 316ms)
 GET /api/dashboard 200 in 284ms (next.js: 11ms, application-code: 273ms)
 GET /api/dashboard 200 in 344ms (next.js: 68ms, application-code: 277ms)
 GET /api/dashboard 200 in 355ms (next.js: 64ms, application-code: 291ms)
 GET /api/dashboard 200 in 312ms (next.js: 11ms, application-code: 300ms)
 GET /api/dashboard 200 in 459ms (next.js: 8ms, application-code: 451ms)
 GET /api/dashboard 200 in 281ms (next.js: 12ms, application-code: 269ms)
 GET /api/dashboard 200 in 264ms (next.js: 9ms, application-code: 255ms)
 GET /api/dashboard 200 in 258ms (next.js: 6ms, application-code: 252ms)
 GET /api/dashboard 200 in 257ms (next.js: 6ms, application-code: 251ms)
 GET /api/dashboard 200 in 270ms (next.js: 6ms, application-code: 264ms)
 GET /api/dashboard 200 in 294ms (next.js: 22ms, application-code: 272ms)
 GET /api/dashboard 200 in 246ms (next.js: 8ms, application-code: 237ms)
 GET /api/dashboard 200 in 320ms (next.js: 9ms, application-code: 311ms)
 GET /api/dashboard 200 in 253ms (next.js: 19ms, application-code: 234ms)
 GET /api/dashboard 200 in 281ms (next.js: 7ms, application-code: 274ms)
 GET /api/dashboard 200 in 356ms (next.js: 6ms, application-code: 350ms)
 GET /api/dashboard 200 in 371ms (next.js: 8ms, application-code: 363ms)
 GET /api/dashboard 200 in 279ms (next.js: 6ms, application-code: 273ms)
 GET /api/dashboard 200 in 252ms (next.js: 19ms, application-code: 233ms)
 GET /api/dashboard 200 in 332ms (next.js: 21ms, application-code: 312ms)
 GET /api/dashboard 200 in 1047ms (next.js: 14ms, application-code: 1033ms)
 GET /api/dashboard 200 in 406ms (next.js: 8ms, application-code: 398ms)
 GET /api/dashboard 200 in 463ms (next.js: 12ms, application-code: 451ms)
 GET /api/dashboard 200 in 254ms (next.js: 18ms, application-code: 237ms)
 GET /api/dashboard 200 in 312ms (next.js: 3ms, application-code: 309ms)
 GET /api/dashboard 200 in 695ms (next.js: 3ms, application-code: 692ms)
 GET /api/dashboard 200 in 278ms (next.js: 4ms, application-code: 275ms)
 GET /api/dashboard 200 in 604ms (next.js: 3ms, application-code: 601ms)
 GET /api/dashboard 200 in 244ms (next.js: 5ms, application-code: 239ms)
 GET /api/dashboard 200 in 439ms (next.js: 3ms, application-code: 436ms)
 GET /api/dashboard 200 in 1130ms (next.js: 4ms, application-code: 1126ms)
 GET /api/dashboard 200 in 596ms (next.js: 4ms, application-code: 592ms)
 GET /api/dashboard 200 in 600ms (next.js: 4ms, application-code: 596ms)
 GET /api/dashboard 200 in 427ms (next.js: 4ms, application-code: 423ms)
 GET /api/dashboard 200 in 466ms (next.js: 3ms, application-code: 463ms)
 GET /api/dashboard 200 in 724ms (next.js: 4ms, application-code: 720ms)
 GET /api/dashboard 200 in 434ms (next.js: 5ms, application-code: 429ms)
 GET /api/dashboard 200 in 957ms (next.js: 7ms, application-code: 950ms)
 GET /api/dashboard 200 in 253ms (next.js: 10ms, application-code: 243ms)
 GET /api/dashboard 200 in 2.4s (next.js: 14ms, application-code: 2.4s)
 GET /api/dashboard 200 in 525ms (next.js: 13ms, application-code: 513ms)
 GET /api/dashboard 200 in 453ms (next.js: 16ms, application-code: 438ms)
 GET /api/dashboard 200 in 323ms (next.js: 14ms, application-code: 309ms)
 GET /api/dashboard 200 in 412ms (next.js: 10ms, application-code: 401ms)
 GET /api/dashboard 200 in 294ms (next.js: 20ms, application-code: 274ms)
 GET /api/dashboard 200 in 309ms (next.js: 12ms, application-code: 297ms)
 GET /api/dashboard 200 in 830ms (next.js: 12ms, application-code: 819ms)
 GET /api/dashboard 200 in 271ms (next.js: 13ms, application-code: 259ms)
 GET /api/dashboard 200 in 336ms (next.js: 22ms, application-code: 314ms)
 GET /api/dashboard 200 in 413ms (next.js: 11ms, application-code: 402ms)
 GET /api/dashboard 200 in 455ms (next.js: 13ms, application-code: 441ms)
 GET /api/dashboard 200 in 300ms (next.js: 9ms, application-code: 290ms)
 GET /api/dashboard 200 in 709ms (next.js: 47ms, application-code: 662ms)
 GET /api/dashboard 200 in 291ms (next.js: 9ms, application-code: 282ms)
 GET /api/dashboard 200 in 255ms (next.js: 8ms, application-code: 247ms)
 GET /manifest.json 200 in 1004ms (next.js: 129ms, application-code: 875ms)
 GET /en/login 404 in 1223ms (next.js: 878ms, proxy.ts: 150ms, application-code: 194ms)
 GET /api/dashboard 200 in 937ms (next.js: 6ms, application-code: 931ms)
 GET /api/dashboard 200 in 491ms (next.js: 11ms, application-code: 480ms)
 GET /api/dashboard 200 in 524ms (next.js: 14ms, application-code: 510ms)
 GET /api/dashboard 200 in 331ms (next.js: 12ms, application-code: 319ms)
 GET /api/dashboard 200 in 431ms (next.js: 71ms, application-code: 359ms)
[?25h
